State,Value
1366.0,1.0
10843.0,1.0
4282.0,0.9
16675.0,1.0
15946.0,0.9
2824.0,0.81
7198.0,1.0
637.0,0.9
12787.0,1.0
6226.0,0.9
17161.0,0.0
14974.0,0.0
1852.0,0.0
16918.0,0.0
3796.0,0.0
8170.0,1.0
1609.0,0.9
18619.0,1.0
17890.0,0.9
4768.0,0.81
5254.0,1.0
11086.0,1.0
4525.0,0.9
13516.0,0.0
14002.0,1.0
15460.0,0.0
13273.0,0.9
151.0,0.81
5578.0,-1.0
16513.0,0.0
14326.0,0.0
1204.0,-0.9
10681.0,1.0
4120.0,0.9
15784.0,0.0
2662.0,0.0
7036.0,1.0
475.0,0.9
17080.0,0.0
3958.0,0.0
8332.0,1.0
1771.0,0.9
18538.0,0.9
5416.0,-0.9
11248.0,1.0
4687.0,0.9
14164.0,0.0
15622.0,0.0
13435.0,0.0
313.0,0.0
3634.0,-1.0
16270.0,0.0
3148.0,-0.9
8008.0,-1.0
11896.0,-1.0
7522.0,-0.9
961.0,-0.81
16594.0,0.9
3472.0,-0.9
12301.0,1.0
12220.0,0.9
7846.0,-0.9
1285.0,0.9
11734.0,-0.9
5173.0,0.9
16108.0,0.0
13921.0,0.9
799.0,-0.7290000000000001
9466.0,-1.0
10438.0,0.9
8980.0,-0.9
2419.0,0.0
10762.0,0.9
9304.0,-0.9
2743.0,0.7290000000000001
10276.0,0.81
3715.0,0.7290000000000001
15379.0,0.0
2257.0,0.0
6793.0,0.9
7117.0,0.9
8089.0,0.9
11005.0,0.9
6631.0,0.81
70.0,0.7290000000000001
1420.0,1.0
10897.0,0.0
4336.0,0.0
16729.0,1.0
16000.0,0.9
2878.0,0.0
8710.0,0.0
11626.0,-1.0
7252.0,-0.9
691.0,0.9
6280.0,-1.0
17215.0,0.0
15028.0,0.0
1906.0,-0.9
16972.0,0.0
3850.0,0.0
12598.0,-1.0
8224.0,-0.9
1663.0,0.0
4579.0,-1.0
17944.0,-1.0
13570.0,-0.9
14056.0,1.0
15514.0,0.0
13327.0,0.9
205.0,-0.9
17188.0,0.0
4066.0,0.0
8440.0,1.0
1879.0,0.9
4795.0,-1.0
18646.0,-1.0
14272.0,-0.9
15730.0,0.0
13543.0,0.0
421.0,-0.9
16702.0,0.9
3580.0,-0.9
12328.0,-1.0
7954.0,-0.9
1393.0,0.9
5281.0,-1.0
16216.0,0.0
14029.0,0.9
907.0,-0.9
10870.0,0.0
9412.0,-0.9
2851.0,0.0
10384.0,0.0
3823.0,0.0
15487.0,0.0
2365.0,0.0
7225.0,-0.81
8197.0,0.9
11113.0,-1.0
6739.0,-0.9
178.0,0.0
13003.0,1.0
6442.0,0.9
17377.0,0.0
15190.0,0.0
2068.0,0.0
17296.0,0.0
4174.0,0.0
12922.0,0.9
8548.0,0.0
1987.0,0.0
18835.0,1.0
18106.0,0.9
4984.0,0.81
5632.0,1.0
11464.0,-0.9
4903.0,0.9
13732.0,0.0
14380.0,1.0
15838.0,0.0
13651.0,0.9
529.0,0.0
17350.0,0.0
4228.0,0.0
8602.0,1.0
2041.0,0.9
5686.0,1.0
11518.0,1.0
4957.0,0.9
14434.0,1.0
15892.0,0.0
13705.0,0.9
583.0,0.81
12166.0,-0.9
5605.0,0.9
16540.0,0.81
14353.0,0.9
1231.0,0.81
10708.0,0.0
4147.0,0.0
15811.0,0.7290000000000001
2689.0,0.0
8521.0,0.9
11437.0,0.9
7063.0,-0.7290000000000001
502.0,0.7290000000000001
19078.0,-1.0
5956.0,-0.9
19240.0,-1.0
6118.0,-0.9
12436.0,-0.9
5875.0,-0.81
14704.0,-0.9
14866.0,-0.9
16810.0,0.0
14623.0,0.0
1501.0,-0.7290000000000001
19294.0,-1.0
6172.0,-0.9
12490.0,1.0
5929.0,0.9
14920.0,-0.9
16864.0,0.0
14677.0,0.0
1555.0,0.0
12652.0,1.0
6091.0,0.9
17026.0,0.0
14839.0,0.0
1717.0,0.0
16783.0,0.0
3661.0,0.0
12409.0,0.9
8035.0,0.81
1474.0,0.7290000000000001
17620.0,-0.9
17782.0,-0.9
18268.0,1.0
17539.0,0.9
4417.0,-0.9
17836.0,-0.9
18322.0,1.0
17593.0,0.9
4471.0,0.81
18484.0,-0.9
17755.0,-0.81
4633.0,-0.9
18241.0,0.9
5119.0,-0.9
10951.0,-0.9
4390.0,0.7290000000000001
13165.0,0.0
13219.0,0.0
13381.0,-0.7290000000000001
13867.0,0.81
15325.0,0.0
13138.0,0.7290000000000001
16.0,0.0
1348.0,1.0
10825.0,1.0
4264.0,0.9
15928.0,-1.0
2806.0,-0.9
7180.0,1.0
619.0,0.9
1834.0,1.0
17143.0,1.0
16900.0,0.9
3778.0,0.81
8152.0,1.0
1591.0,0.9
4750.0,1.0
5236.0,1.0
11068.0,1.0
4507.0,0.9
13498.0,1.0
13984.0,1.0
15442.0,-0.9
13255.0,0.9
133.0,0.81
1186.0,1.0
4102.0,-1.0
16495.0,1.0
15766.0,0.9
2644.0,-0.9
8476.0,-1.0
11392.0,-1.0
7018.0,-0.9
457.0,0.9
17062.0,0.9
3940.0,-0.9
12769.0,1.0
12688.0,0.9
8314.0,-0.9
1753.0,0.9
5398.0,1.0
11230.0,-0.9
4669.0,0.9
14146.0,1.0
15604.0,0.81
13417.0,0.9
295.0,0.81
781.0,1.0
3130.0,1.0
10177.0,1.0
9448.0,0.9
10420.0,-1.0
8962.0,-0.9
2401.0,0.9
3454.0,1.0
10744.0,0.9
9286.0,0.81
2725.0,0.9
10258.0,-0.9
3697.0,0.7290000000000001
16090.0,1.0
15361.0,0.9
2239.0,0.6561000000000001
7504.0,1.0
6775.0,0.9
7828.0,1.0
7099.0,0.9
8071.0,0.9
11716.0,1.0
10987.0,0.9
6613.0,0.81
52.0,0.9
17206.0,0.0
4084.0,-0.9
12832.0,-1.0
8458.0,-0.9
1897.0,-0.81
4813.0,-1.0
14290.0,1.0
15748.0,0.0
13561.0,0.9
439.0,-0.9
925.0,1.0
3598.0,1.0
10888.0,0.0
9430.0,0.0
2869.0,0.9
10402.0,-0.9
3841.0,0.0
16234.0,1.0
15505.0,0.9
2383.0,0.0
7972.0,1.0
7243.0,0.9
8215.0,-0.81
11131.0,-1.0
6757.0,-0.9
196.0,0.9
17368.0,0.0
4246.0,0.0
8620.0,1.0
2059.0,0.9
5704.0,1.0
11536.0,1.0
4975.0,0.9
14452.0,1.0
15910.0,-0.9
13723.0,0.9
601.0,0.81
1249.0,1.0
10726.0,0.0
4165.0,0.0
16558.0,1.0
15829.0,0.9
2707.0,0.0
8539.0,0.9
12184.0,1.0
11455.0,0.9
7081.0,0.81
520.0,0.9
6190.0,1.0
12508.0,1.0
5947.0,0.9
14938.0,1.0
16882.0,0.0
14695.0,0.9
1573.0,0.81
12670.0,-0.9
6109.0,0.9
17044.0,0.0
14857.0,0.9
1735.0,-0.7290000000000001
16801.0,0.0
3679.0,0.0
12427.0,0.9
8053.0,-0.7290000000000001
1492.0,0.7290000000000001
17854.0,1.0
18340.0,1.0
17611.0,0.9
4489.0,0.81
18502.0,1.0
17773.0,0.9
4651.0,-0.9
5137.0,1.0
10969.0,-0.9
4408.0,0.9
13237.0,0.81
13399.0,0.81
13885.0,1.0
15343.0,0.0
13156.0,0.9
34.0,0.6561000000000001
12067.0,1.0
5506.0,0.9
16441.0,0.0
14254.0,0.0
1132.0,0.0
10609.0,1.0
4048.0,0.9
15712.0,0.0
2590.0,0.0
6964.0,1.0
403.0,0.9
17116.0,0.9
3994.0,0.81
8368.0,1.0
1807.0,0.9
18601.0,1.0
18574.0,0.9
5452.0,0.81
11284.0,1.0
4723.0,0.9
14200.0,0.0
15658.0,0.0
13471.0,0.9
349.0,0.81
10123.0,1.0
3562.0,0.9
16198.0,0.0
3076.0,0.0
7450.0,1.0
889.0,0.9
16630.0,-1.0
3508.0,-0.9
7882.0,1.0
1321.0,0.9
11770.0,1.0
5209.0,0.9
16144.0,-0.9
13957.0,0.9
835.0,0.81
8908.0,1.0
2347.0,0.9
9340.0,1.0
2779.0,0.9
10312.0,1.0
3751.0,0.9
15415.0,0.0
2293.0,0.0
6667.0,1.0
106.0,0.9
17152.0,0.0
4030.0,0.0
8404.0,1.0
1843.0,0.9
18610.0,0.9
5488.0,0.81
11320.0,1.0
4759.0,0.9
14236.0,0.0
15694.0,0.0
13507.0,0.0
385.0,0.0
16666.0,0.9
3544.0,0.81
7918.0,1.0
1357.0,0.9
11806.0,1.0
5245.0,0.9
16180.0,0.0
13993.0,0.9
871.0,0.81
9376.0,1.0
2815.0,0.9
10348.0,1.0
3787.0,0.9
15451.0,0.0
2329.0,0.0
6703.0,1.0
142.0,0.9
12238.0,1.0
5677.0,0.9
16612.0,-0.9
14425.0,0.9
1303.0,0.81
10780.0,1.0
4219.0,0.9
15883.0,0.0
2761.0,0.0
7135.0,1.0
574.0,0.9
12724.0,1.0
6163.0,0.9
17098.0,0.0
14911.0,0.9
1789.0,0.81
16855.0,0.0
3733.0,0.0
8107.0,1.0
1546.0,0.9
18556.0,0.81
17827.0,0.9
4705.0,0.81
18313.0,0.9
5191.0,0.81
11023.0,1.0
4462.0,0.9
13453.0,0.0
13939.0,0.81
15397.0,0.0
13210.0,0.7290000000000001
88.0,0.6561000000000001
9961.0,1.0
3400.0,0.9
16360.0,0.0
3238.0,0.0
7774.0,0.9
11986.0,0.9
7612.0,0.81
1051.0,0.7290000000000001
16468.0,0.9
3346.0,0.81
12094.0,-1.0
7720.0,-0.9
1159.0,0.9
11932.0,-0.9
5371.0,0.9
16306.0,0.0
14119.0,0.9
997.0,0.6561000000000001
9232.0,0.9
10528.0,0.9
9070.0,0.81
2509.0,0.7290000000000001
10636.0,-1.0
9178.0,-0.9
2617.0,0.7290000000000001
10474.0,-0.9
3913.0,0.7290000000000001
15577.0,0.7290000000000001
2455.0,0.6561000000000001
6883.0,0.9
6991.0,-0.81
8287.0,0.9
11203.0,0.9
6829.0,-0.7290000000000001
268.0,0.7290000000000001
16504.0,0.0
3382.0,0.0
12130.0,-1.0
7756.0,-0.9
1195.0,0.0
11968.0,-0.9
5407.0,0.7290000000000001
16342.0,0.0
14155.0,0.0
1033.0,0.0
10672.0,0.9
9214.0,0.81
2653.0,0.7290000000000001
10510.0,0.81
3949.0,0.7290000000000001
15613.0,0.0
2491.0,0.0
7027.0,0.9
8323.0,0.9
11239.0,0.9
6865.0,0.81
304.0,0.7290000000000001
5515.0,-1.0
16450.0,0.0
14263.0,0.9
1141.0,-0.9
10618.0,-0.9
4057.0,0.0
15721.0,0.0
2599.0,0.0
8431.0,0.9
11347.0,-1.0
6973.0,-0.9
412.0,0.0
17017.0,0.0
3895.0,0.0
12643.0,0.9
8269.0,0.81
1708.0,0.7290000000000001
18475.0,0.9
5353.0,-0.9
11185.0,-0.9
4624.0,0.7290000000000001
14101.0,0.0
15559.0,0.0
13372.0,0.7290000000000001
250.0,0.0
9556.0,1.0
2995.0,0.9
9664.0,1.0
3103.0,0.9
9988.0,1.0
3427.0,0.9
16063.0,0.9
2941.0,0.81
7369.0,0.9
7477.0,0.9
7801.0,0.9
11689.0,0.9
7315.0,0.81
754.0,0.9
9700.0,1.0
3139.0,0.9
10024.0,1.0
3463.0,0.9
16099.0,0.0
2977.0,0.0
7513.0,0.9
7837.0,0.9
11725.0,0.9
7351.0,0.81
790.0,0.7290000000000001
10132.0,1.0
3571.0,0.9
16207.0,0.9
3085.0,0.81
7945.0,0.9
11833.0,-1.0
7459.0,-0.9
898.0,0.9
16531.0,0.9
3409.0,0.81
12157.0,0.9
7783.0,0.81
1222.0,0.9
11671.0,-0.9
5110.0,0.9
16045.0,0.0
13858.0,0.9
736.0,0.6561000000000001
8827.0,0.9
8935.0,0.9
9259.0,0.9
10231.0,0.9
8773.0,0.81
2212.0,0.7290000000000001
8971.0,0.9
9295.0,0.9
10267.0,0.9
8809.0,0.81
2248.0,0.7290000000000001
9403.0,0.9
10375.0,0.0
8917.0,0.0
2356.0,0.7290000000000001
10699.0,0.9
9241.0,0.81
2680.0,0.7290000000000001
10213.0,0.0
3652.0,0.0
15316.0,0.0
2194.0,0.0
6586.0,0.9
6622.0,0.9
6730.0,0.0
7054.0,0.9
8026.0,0.9
10942.0,0.9
6568.0,0.0
7.0,0.5904900000000002
12307.0,1.0
5746.0,0.9
14494.0,-1.0
1372.0,-0.9
2830.0,1.0
7204.0,1.0
643.0,0.9
12793.0,1.0
6232.0,0.9
17167.0,1.0
14980.0,0.9
1858.0,0.81
3802.0,1.0
8176.0,1.0
1615.0,0.9
18625.0,0.0
17896.0,0.0
4774.0,0.0
18382.0,0.0
5260.0,0.0
11092.0,1.0
4531.0,0.9
13522.0,0.0
14008.0,-0.9
15466.0,1.0
13279.0,0.9
157.0,0.81
12145.0,0.0
5584.0,0.0
16519.0,0.0
14332.0,0.0
1210.0,0.0
4126.0,-1.0
15790.0,0.0
2668.0,-0.9
8500.0,-1.0
11416.0,0.0
7042.0,-0.9
481.0,0.0
17086.0,0.9
3964.0,-0.9
12712.0,0.9
8338.0,-0.9
1777.0,0.7290000000000001
18544.0,0.0
5422.0,0.0
11254.0,0.0
4693.0,0.0
14170.0,0.0
15628.0,0.0
13441.0,0.0
319.0,0.0
3640.0,-1.0
16276.0,0.0
3154.0,-0.9
8014.0,-1.0
11902.0,0.0
7528.0,-0.9
967.0,0.0
16600.0,-1.0
3478.0,-0.9
12226.0,0.9
7852.0,-0.9
1291.0,-0.81
11740.0,0.0
5179.0,0.0
16114.0,-0.9
13927.0,0.0
805.0,-0.7290000000000001
9472.0,-1.0
10444.0,-1.0
8986.0,-0.9
2425.0,-0.81
10849.0,1.0
10768.0,0.9
9310.0,-0.9
2749.0,0.9
10282.0,-0.9
3721.0,0.9
15385.0,0.9
2263.0,-0.7290000000000001
6799.0,-0.81
7123.0,0.9
8095.0,0.9
11011.0,0.9
6637.0,-0.7290000000000001
76.0,0.7290000000000001
1426.0,1.0
4342.0,-1.0
16006.0,-1.0
2884.0,-0.9
8716.0,-1.0
12361.0,1.0
11632.0,0.9
7258.0,-0.9
697.0,0.9
1669.0,-1.0
6286.0,-1.0
18679.0,1.0
17950.0,0.9
4828.0,-0.9
5314.0,1.0
12604.0,-1.0
11146.0,-0.9
4585.0,0.9
15034.0,-1.0
13576.0,-0.9
14062.0,1.0
16978.0,-1.0
15520.0,-0.9
13333.0,0.9
211.0,-0.9
1885.0,-1.0
18652.0,0.9
5530.0,0.0
12820.0,-1.0
11362.0,-0.9
4801.0,0.0
14278.0,0.0
17194.0,-1.0
15736.0,-0.9
13549.0,0.0
427.0,-0.9
16708.0,-1.0
3586.0,-0.9
12334.0,0.9
7960.0,-0.9
1399.0,0.9
11848.0,0.0
5287.0,0.9
16222.0,-0.9
14035.0,0.9
913.0,0.0
10876.0,-1.0
9418.0,-0.9
2857.0,-0.81
3829.0,-1.0
15493.0,-0.81
2371.0,-0.9
7231.0,-0.81
8203.0,-1.0
11119.0,0.0
6745.0,-0.9
184.0,0.0
13009.0,1.0
6448.0,0.9
15196.0,-1.0
2074.0,-0.9
17302.0,-1.0
4180.0,-0.9
12928.0,0.9
8554.0,-0.9
1993.0,-0.81
18112.0,-1.0
4990.0,-0.9
5638.0,1.0
11470.0,0.81
4909.0,0.9
13657.0,-1.0
535.0,-0.9
4234.0,1.0
8608.0,1.0
2047.0,0.9
18814.0,-1.0
5692.0,-0.9
11524.0,1.0
4963.0,0.9
13711.0,-1.0
589.0,-0.9
12172.0,0.81
5611.0,0.9
14359.0,-1.0
1237.0,-0.9
10714.0,-0.9
4153.0,0.9
15817.0,-1.0
2695.0,-0.9
8527.0,0.9
11443.0,0.9
7069.0,-0.7290000000000001
508.0,-0.6561000000000001
19084.0,-1.0
5962.0,-0.9
19246.0,-1.0
6124.0,-0.9
12442.0,-0.9
5881.0,-0.81
14710.0,-0.9
14872.0,-0.9
16816.0,-0.9
14629.0,-0.81
1507.0,-0.9
19300.0,-1.0
6178.0,-0.9
12496.0,1.0
5935.0,0.9
14926.0,-0.9
16870.0,1.0
14683.0,0.9
1561.0,0.81
12658.0,-0.9
6097.0,-0.81
17032.0,-0.9
14845.0,-0.81
1723.0,-0.9
16789.0,0.9
3667.0,-0.9
12415.0,0.9
8041.0,-0.9
1480.0,0.7290000000000001
17626.0,-0.9
17788.0,-0.9
18274.0,1.0
17545.0,0.9
4423.0,-0.7290000000000001
17842.0,-0.9
18328.0,-0.9
17599.0,-0.81
4477.0,-0.7290000000000001
18490.0,0.0
17761.0,0.0
4639.0,-0.7290000000000001
18247.0,0.9
5125.0,0.0
10957.0,0.0
4396.0,0.0
13171.0,-0.9
13225.0,-0.9
13387.0,-0.7290000000000001
13873.0,-0.9
15331.0,-0.9
13144.0,-0.6561000000000001
22.0,-0.5904900000000002
1909.0,-1.0
5554.0,1.0
12844.0,-1.0
11386.0,-0.9
4825.0,0.9
14302.0,1.0
17218.0,-1.0
15760.0,-0.9
13573.0,0.9
451.0,-0.9
937.0,1.0
3610.0,1.0
10900.0,-1.0
9442.0,-0.9
2881.0,0.9
3853.0,-1.0
16246.0,1.0
15517.0,0.9
2395.0,-0.9
7984.0,1.0
7255.0,0.9
8227.0,-1.0
11872.0,1.0
11143.0,0.9
6769.0,-0.9
208.0,0.9
17380.0,-1.0
4258.0,-0.9
8632.0,1.0
2071.0,0.9
5716.0,1.0
11548.0,1.0
4987.0,0.9
13735.0,-1.0
613.0,-0.9
1261.0,1.0
10738.0,-0.9
4177.0,-0.81
15841.0,-1.0
2719.0,-0.9
8551.0,0.9
12196.0,1.0
11467.0,0.9
7093.0,0.81
532.0,0.9
6202.0,1.0
12520.0,1.0
5959.0,0.9
14950.0,1.0
16894.0,-0.9
14707.0,0.9
1585.0,0.81
12682.0,-0.9
6121.0,0.9
17056.0,-0.9
14869.0,0.9
1747.0,-0.9
16813.0,-0.81
3691.0,-0.9
12439.0,0.9
8065.0,-0.9
1504.0,0.7290000000000001
17866.0,1.0
18352.0,1.0
17623.0,0.9
4501.0,0.81
18514.0,1.0
17785.0,0.9
4663.0,0.81
5149.0,1.0
10981.0,0.81
4420.0,0.9
13249.0,-0.9
13411.0,0.81
13897.0,1.0
15355.0,-0.9
13168.0,0.9
46.0,0.6561000000000001
17164.0,0.9
4042.0,0.81
8416.0,1.0
1855.0,0.9
18622.0,0.0
5500.0,0.0
11332.0,1.0
4771.0,0.9
14248.0,0.0
15706.0,0.0
13519.0,0.0
397.0,0.0
16678.0,-1.0
3556.0,-0.9
7930.0,1.0
1369.0,0.9
11818.0,1.0
5257.0,0.9
16192.0,-0.9
14005.0,0.0
883.0,0.0
9388.0,1.0
2827.0,0.9
10360.0,1.0
3799.0,0.9
15463.0,0.9
2341.0,0.81
6715.0,1.0
154.0,0.9
12250.0,1.0
5689.0,0.9
14437.0,-1.0
1315.0,-0.9
10792.0,1.0
4231.0,0.9
15895.0,-1.0
2773.0,-0.9
7147.0,1.0
586.0,0.9
12736.0,1.0
6175.0,0.9
17110.0,0.81
14923.0,0.9
1801.0,0.81
16867.0,0.9
3745.0,0.81
8119.0,1.0
1558.0,0.9
18568.0,0.0
17839.0,0.9
4717.0,0.81
18325.0,0.9
5203.0,0.81
11035.0,1.0
4474.0,0.9
13465.0,0.0
13951.0,-0.9
15409.0,-0.9
13222.0,0.0
100.0,0.0
16516.0,0.0
3394.0,0.0
12142.0,0.0
7768.0,0.0
1207.0,0.0
11980.0,0.0
5419.0,0.0
16354.0,0.0
14167.0,0.0
1045.0,0.0
10684.0,-1.0
9226.0,-0.9
2665.0,0.0
10522.0,-0.9
3961.0,0.7290000000000001
15625.0,0.0
2503.0,0.0
7039.0,0.0
8335.0,0.9
11251.0,0.9
6877.0,0.0
316.0,0.0
12088.0,-0.9
5527.0,0.9
16462.0,0.0
14275.0,0.9
1153.0,0.0
4069.0,-1.0
15733.0,0.0
2611.0,-0.9
8443.0,-1.0
11359.0,-0.81
6985.0,-0.9
424.0,0.0
17029.0,0.7290000000000001
3907.0,-0.9
12655.0,0.9
8281.0,-0.9
1720.0,0.7290000000000001
18487.0,0.9
5365.0,0.0
11197.0,-0.7290000000000001
4636.0,0.7290000000000001
14113.0,0.0
15571.0,0.0
13384.0,0.7290000000000001
262.0,0.0
9712.0,1.0
3151.0,0.9
10036.0,1.0
3475.0,0.9
16111.0,0.0
2989.0,0.0
7525.0,0.9
7849.0,0.9
11737.0,0.9
7363.0,0.81
802.0,0.7290000000000001
10144.0,1.0
3583.0,0.9
16219.0,0.9
3097.0,0.81
7957.0,0.9
11845.0,0.9
7471.0,0.81
910.0,0.9
16543.0,-1.0
3421.0,-0.9
12169.0,0.9
7795.0,0.81
1234.0,0.9
11683.0,0.81
5122.0,0.9
16057.0,-0.9
13870.0,0.9
748.0,0.6561000000000001
8983.0,0.9
9307.0,0.9
10279.0,0.9
8821.0,0.81
2260.0,0.7290000000000001
9415.0,0.9
10387.0,-1.0
8929.0,-0.9
2368.0,0.7290000000000001
10711.0,0.9
9253.0,0.81
2692.0,0.7290000000000001
10225.0,-0.9
3664.0,0.7290000000000001
15328.0,0.0
2206.0,0.0
6634.0,0.9
6742.0,0.7290000000000001
7066.0,0.9
8038.0,0.9
10954.0,0.9
6580.0,0.6561000000000001
19.0,0.5904900000000002
229.0,1.0
1930.0,1.0
17239.0,1.0
17230.0,0.9
4108.0,-0.9
12865.0,1.0
12856.0,0.9
8482.0,-0.9
1921.0,0.9
4846.0,1.0
18697.0,1.0
18688.0,0.9
5566.0,0.0
11398.0,0.0
4837.0,0.9
13594.0,1.0
14314.0,0.0
15772.0,0.0
13585.0,0.9
463.0,0.0
1435.0,-1.0
5332.0,1.0
12370.0,-1.0
11884.0,-0.9
5323.0,0.9
14080.0,1.0
16744.0,-1.0
16258.0,-0.9
14071.0,0.9
949.0,-0.9
2893.0,-1.0
3874.0,1.0
10912.0,-1.0
10426.0,-0.9
3865.0,0.9
15538.0,1.0
15529.0,0.9
2407.0,-0.9
7267.0,-1.0
8248.0,1.0
8239.0,0.9
11164.0,1.0
11155.0,0.9
6781.0,-0.9
220.0,0.9
553.0,1.0
2092.0,1.0
4270.0,1.0
8644.0,1.0
2083.0,0.9
5008.0,1.0
18859.0,1.0
18850.0,0.9
5728.0,0.81
11560.0,1.0
4999.0,0.9
13756.0,1.0
14476.0,-0.9
15934.0,1.0
13747.0,0.9
625.0,0.81
5656.0,1.0
12208.0,-0.9
5647.0,0.9
14404.0,1.0
16582.0,-0.9
14395.0,0.9
1273.0,-0.9
4198.0,1.0
10750.0,-0.9
4189.0,0.9
15862.0,1.0
15853.0,0.9
2731.0,-0.9
8572.0,1.0
8563.0,0.9
11488.0,1.0
11479.0,0.9
7105.0,-0.9
544.0,0.9
1525.0,1.0
5980.0,1.0
19336.0,-1.0
6214.0,-0.9
12532.0,1.0
5971.0,0.9
14728.0,1.0
14962.0,-0.9
16906.0,1.0
14719.0,0.9
1597.0,0.81
6142.0,1.0
12694.0,0.81
6133.0,0.9
14890.0,1.0
17068.0,0.81
14881.0,0.9
1759.0,0.6561000000000001
16834.0,1.0
16825.0,0.9
3703.0,0.81
12460.0,1.0
12451.0,0.9
8077.0,0.81
1516.0,0.9
4441.0,1.0
17644.0,1.0
17878.0,-0.9
18364.0,0.0
17635.0,0.9
4513.0,0.81
17806.0,1.0
18526.0,0.0
17797.0,0.9
4675.0,0.0
18292.0,1.0
18283.0,0.9
5161.0,0.0
10993.0,0.81
4432.0,0.9
13189.0,1.0
13261.0,0.81
13423.0,0.0
13909.0,0.0
15367.0,0.81
13180.0,0.9
58.0,0.6561000000000001
17236.0,0.9
4114.0,0.81
8488.0,1.0
1927.0,0.9
18694.0,0.9
5572.0,-0.9
11404.0,1.0
4843.0,0.9
14320.0,0.0
15778.0,0.0
13591.0,0.9
469.0,0.81
1441.0,-1.0
12376.0,-1.0
11890.0,-0.9
5329.0,0.9
16750.0,-1.0
16264.0,-0.9
14077.0,0.9
955.0,-0.9
2899.0,-1.0
10918.0,-1.0
10432.0,-0.9
3871.0,0.9
15535.0,0.9
2413.0,-0.9
7273.0,-1.0
8245.0,0.9
11161.0,0.9
6787.0,-0.9
226.0,0.9
17401.0,1.0
17398.0,0.9
4276.0,0.81
8650.0,1.0
2089.0,0.9
5734.0,1.0
11566.0,1.0
5005.0,0.9
14482.0,1.0
15940.0,0.81
13753.0,0.9
631.0,0.81
12214.0,-0.9
5653.0,0.9
16588.0,-0.9
14401.0,0.9
1279.0,-0.9
10756.0,-0.9
4195.0,0.9
15859.0,0.9
2737.0,-0.9
8569.0,0.9
11485.0,0.9
7111.0,-0.9
550.0,0.9
19342.0,-1.0
6220.0,-0.9
12538.0,1.0
5977.0,0.9
14968.0,-0.9
16912.0,0.0
14725.0,0.9
1603.0,0.81
12700.0,1.0
6139.0,0.9
17074.0,0.0
14887.0,0.9
1765.0,0.81
16831.0,0.9
3709.0,0.6561000000000001
12457.0,0.9
8083.0,0.81
1522.0,0.9
17884.0,-0.9
18370.0,1.0
17641.0,0.9
4519.0,0.81
18532.0,0.81
17803.0,0.9
4681.0,0.81
18289.0,0.9
5167.0,0.81
10999.0,0.81
4438.0,0.9
13267.0,0.81
13429.0,0.0
13915.0,0.81
15373.0,0.0
13186.0,0.9
64.0,0.6561000000000001
12286.0,1.0
5725.0,0.9
16660.0,-0.9
14473.0,0.9
1351.0,0.81
10828.0,1.0
4267.0,0.9
15931.0,0.9
2809.0,0.81
7183.0,1.0
622.0,0.9
12772.0,1.0
6211.0,0.9
17146.0,0.0
14959.0,0.0
1837.0,0.0
16903.0,0.9
3781.0,0.81
8155.0,1.0
1594.0,0.9
18604.0,0.0
17875.0,0.0
4753.0,0.0
18361.0,0.9
5239.0,0.81
11071.0,1.0
4510.0,0.9
13501.0,0.0
13987.0,0.0
15445.0,0.0
13258.0,0.7290000000000001
136.0,0.6561000000000001
12124.0,-0.9
5563.0,0.0
16498.0,0.0
14311.0,0.0
1189.0,0.0
10666.0,-0.9
4105.0,0.7290000000000001
15769.0,0.0
2647.0,0.0
8479.0,0.9
11395.0,0.9
7021.0,0.0
460.0,0.7290000000000001
17065.0,0.7290000000000001
3943.0,0.6561000000000001
12691.0,0.9
8317.0,0.81
1756.0,0.7290000000000001
18523.0,0.7290000000000001
5401.0,0.0
11233.0,0.81
4672.0,0.7290000000000001
14149.0,0.0
15607.0,0.0
13420.0,0.0
298.0,0.0
3619.0,-1.0
16255.0,0.0
3133.0,-0.9
7993.0,-1.0
11881.0,-0.81
7507.0,-0.9
946.0,0.0
16579.0,-0.81
3457.0,-0.9
12205.0,0.9
7831.0,-0.9
1270.0,0.7290000000000001
11719.0,-0.7290000000000001
5158.0,0.7290000000000001
16093.0,-0.7290000000000001
13906.0,0.7290000000000001
784.0,0.0
9451.0,-1.0
10423.0,-0.81
8965.0,-0.9
2404.0,0.0
10747.0,0.9
9289.0,-0.9
2728.0,0.7290000000000001
10261.0,-0.7290000000000001
3700.0,0.7290000000000001
15364.0,0.7290000000000001
2242.0,0.0
6778.0,0.0
7102.0,0.9
8074.0,0.9
10990.0,0.9
6616.0,0.0
55.0,0.5904900000000002
661.0,1.0
2146.0,1.0
17455.0,1.0
17446.0,0.9
4324.0,-0.9
13081.0,1.0
13072.0,0.9
8698.0,-0.9
2137.0,0.9
5062.0,1.0
5782.0,1.0
11614.0,0.81
5053.0,0.9
13810.0,1.0
14530.0,1.0
15988.0,-0.9
13801.0,0.9
679.0,0.81
5764.0,1.0
12316.0,-0.9
5755.0,0.9
14512.0,1.0
16690.0,-0.9
14503.0,0.9
1381.0,-0.9
4306.0,1.0
10858.0,-0.9
4297.0,0.9
15970.0,1.0
15961.0,0.9
2839.0,-0.9
8680.0,1.0
8671.0,0.9
11596.0,1.0
11587.0,0.9
7213.0,-0.9
652.0,0.9
1633.0,1.0
6034.0,1.0
19390.0,-1.0
6268.0,-0.9
12586.0,-0.9
6025.0,0.9
14782.0,1.0
15016.0,-0.9
16960.0,-0.9
14773.0,0.9
1651.0,-0.9
6250.0,1.0
12802.0,-0.9
6241.0,0.9
14998.0,1.0
17176.0,-0.9
14989.0,0.9
1867.0,-0.9
16942.0,1.0
16933.0,0.9
3811.0,-0.9
12568.0,1.0
12559.0,0.9
8185.0,-0.9
1624.0,0.9
4549.0,1.0
17698.0,1.0
17932.0,-0.9
18418.0,1.0
17689.0,0.9
4567.0,0.81
17914.0,1.0
18634.0,0.81
17905.0,0.9
4783.0,0.0
18400.0,1.0
18391.0,0.9
5269.0,0.81
11101.0,0.0
4540.0,0.9
13297.0,1.0
13315.0,0.81
13531.0,0.0
14017.0,0.81
15475.0,-0.7290000000000001
13288.0,0.9
166.0,0.0
17452.0,0.9
4330.0,0.0
13078.0,0.9
8704.0,0.0
2143.0,0.9
5788.0,1.0
11620.0,-0.9
5059.0,0.9
14536.0,1.0
15994.0,0.81
13807.0,0.9
685.0,0.81
12322.0,-0.9
5761.0,0.9
16696.0,-0.9
14509.0,0.9
1387.0,-0.9
10864.0,-0.9
4303.0,0.9
15967.0,0.9
2845.0,-0.9
8677.0,0.9
11593.0,0.9
7219.0,-0.9
658.0,0.9
19396.0,-1.0
6274.0,-0.9
12592.0,-0.9
6031.0,0.9
15022.0,-0.9
16966.0,0.0
14779.0,0.9
1657.0,0.0
12808.0,1.0
6247.0,0.9
17182.0,0.0
14995.0,0.9
1873.0,0.81
16939.0,0.9
3817.0,0.0
12565.0,0.9
8191.0,0.81
1630.0,0.9
17938.0,-0.9
18424.0,1.0
17695.0,0.9
4573.0,-0.9
18640.0,-0.9
17911.0,0.9
4789.0,-0.9
18397.0,0.9
5275.0,-0.9
11107.0,-0.9
4546.0,0.9
13321.0,0.81
13537.0,0.0
14023.0,0.81
15481.0,0.0
13294.0,0.9
172.0,0.0
1405.0,1.0
10882.0,-0.9
4321.0,0.0
16714.0,1.0
15985.0,0.9
2863.0,0.0
8695.0,0.0
12340.0,1.0
11611.0,0.9
7237.0,0.0
676.0,0.9
12826.0,-0.9
6265.0,-0.81
17200.0,-0.9
15013.0,-0.81
1891.0,-0.9
16957.0,0.0
3835.0,-0.9
12583.0,-0.81
8209.0,-0.9
1648.0,0.0
18658.0,1.0
17929.0,0.9
4807.0,-0.9
5293.0,1.0
11125.0,-0.9
4564.0,0.9
13555.0,-0.7290000000000001
14041.0,1.0
15499.0,0.0
13312.0,0.9
190.0,0.0
17173.0,0.0
4051.0,-0.9
12799.0,0.9
8425.0,-0.9
1864.0,0.7290000000000001
18631.0,0.9
5509.0,-0.9
11341.0,-0.9
4780.0,0.0
14257.0,0.0
15715.0,0.0
13528.0,0.0
406.0,0.0
16687.0,0.9
3565.0,-0.9
12313.0,0.9
7939.0,-0.9
1378.0,0.9
11827.0,-0.9
5266.0,0.9
16201.0,0.0
14014.0,0.9
892.0,0.0
10855.0,-0.81
9397.0,-0.9
2836.0,0.0
10369.0,-0.9
3808.0,0.0
15472.0,0.0
2350.0,0.0
7210.0,0.0
8182.0,0.7290000000000001
11098.0,0.0
6724.0,0.0
163.0,0.0
1957.0,1.0
6358.0,1.0
19552.0,-1.0
6430.0,-0.9
12910.0,0.81
6349.0,0.9
15106.0,1.0
15178.0,-0.9
17284.0,-0.9
15097.0,0.9
1975.0,-0.7290000000000001
6412.0,1.0
12964.0,1.0
6403.0,0.9
15160.0,1.0
17338.0,1.0
15151.0,0.9
2029.0,0.81
17266.0,1.0
17257.0,0.9
4135.0,0.81
12892.0,1.0
12883.0,0.9
8509.0,0.81
1948.0,0.9
4873.0,1.0
18022.0,1.0
18094.0,-0.9
18742.0,1.0
18013.0,0.9
4891.0,0.81
18076.0,1.0
18796.0,-0.9
18067.0,0.9
4945.0,0.81
18724.0,1.0
18715.0,0.9
5593.0,0.81
11425.0,0.81
4864.0,0.9
13621.0,1.0
13639.0,-0.9
13693.0,-0.9
14341.0,-0.9
15799.0,-0.9
13612.0,0.9
490.0,-0.5904900000000002
19558.0,-1.0
6436.0,-0.9
12916.0,0.81
6355.0,0.9
15184.0,-0.9
17290.0,0.0
15103.0,0.9
1981.0,0.0
12970.0,1.0
6409.0,0.9
17344.0,0.0
15157.0,0.9
2035.0,0.81
17263.0,0.9
4141.0,0.0
12889.0,0.9
8515.0,0.81
1954.0,0.9
18100.0,-0.9
18748.0,1.0
18019.0,0.9
4897.0,0.81
18802.0,1.0
18073.0,0.9
4951.0,0.81
18721.0,0.9
5599.0,0.81
11431.0,0.81
4870.0,0.9
13645.0,0.81
13699.0,0.81
14347.0,0.81
15805.0,0.6561000000000001
13618.0,0.9
496.0,0.6561000000000001
12988.0,1.0
6427.0,0.9
17362.0,-0.9
15175.0,-0.81
2053.0,-0.7290000000000001
17281.0,0.0
4159.0,-0.7290000000000001
12907.0,0.9
8533.0,0.0
1972.0,0.0
18820.0,1.0
18091.0,0.9
4969.0,0.81
5617.0,1.0
11449.0,0.81
4888.0,0.9
13717.0,-0.9
14365.0,1.0
15823.0,-0.9
13636.0,0.9
514.0,0.0
17335.0,0.9
4213.0,0.81
8587.0,1.0
2026.0,0.9
18793.0,0.9
5671.0,0.81
11503.0,1.0
4942.0,0.9
14419.0,-0.9
15877.0,-0.9
13690.0,0.7290000000000001
568.0,0.6561000000000001
12151.0,0.81
5590.0,0.9
16525.0,-0.9
14338.0,0.9
1216.0,0.6561000000000001
10693.0,-0.7290000000000001
4132.0,0.7290000000000001
15796.0,0.5904900000000002
2674.0,0.0
8506.0,0.9
11422.0,0.9
7048.0,0.0
487.0,0.5904900000000002
5845.0,1.0
18985.0,-1.0
5863.0,-0.9
19039.0,-1.0
5917.0,-0.9
19201.0,-1.0
6079.0,-0.9
12397.0,0.81
5836.0,0.9
14593.0,1.0
14611.0,-0.9
14665.0,-0.9
14827.0,-0.9
16771.0,0.81
14584.0,0.9
1462.0,0.6561000000000001
18991.0,-1.0
5869.0,-0.9
19045.0,-1.0
5923.0,-0.9
19207.0,-1.0
6085.0,-0.9
12403.0,0.81
5842.0,0.9
14617.0,-0.9
14671.0,-0.9
14833.0,-0.9
16777.0,0.0
14590.0,0.9
1468.0,0.6561000000000001
19063.0,-1.0
5941.0,-0.9
19225.0,-1.0
6103.0,-0.9
12421.0,-0.7290000000000001
5860.0,-0.6561000000000001
14689.0,-0.9
14851.0,-0.9
16795.0,-0.7290000000000001
14608.0,-0.6561000000000001
1486.0,-0.5904900000000002
19279.0,-1.0
6157.0,-0.9
12475.0,1.0
5914.0,0.9
14905.0,-0.9
16849.0,0.0
14662.0,0.0
1540.0,0.0
12637.0,0.81
6076.0,0.7290000000000001
17011.0,0.0
14824.0,0.0
1702.0,0.0
16768.0,0.7290000000000001
3646.0,0.0
12394.0,0.9
8020.0,0.6561000000000001
1459.0,0.5904900000000002
17509.0,1.0
17527.0,-0.9
17581.0,-0.9
17743.0,-0.9
18229.0,0.81
17500.0,0.9
4378.0,0.0
17533.0,-0.9
17587.0,-0.9
17749.0,-0.9
18235.0,0.81
17506.0,0.9
4384.0,0.6561000000000001
17605.0,-0.9
17767.0,-0.9
18253.0,1.0
17524.0,0.9
4402.0,-0.5904900000000002
17821.0,-0.9
18307.0,0.81
17578.0,0.7290000000000001
4456.0,0.6561000000000001
18469.0,0.6561000000000001
17740.0,0.5904900000000002
4618.0,0.0
18226.0,0.9
5104.0,0.6561000000000001
10936.0,0.0
4375.0,0.5904900000000002
13126.0,-0.5904900000000002
13132.0,0.6561000000000001
13150.0,-0.5904900000000002
13204.0,0.0
13366.0,0.0
13852.0,0.6561000000000001
15310.0,0.0
13123.0,0.5904900000000002
1.0,0.0
1364.0,1.0
2822.0,1.0
8654.0,-1.0
12299.0,1.0
11570.0,0.9
7196.0,-0.9
635.0,0.9
1607.0,-1.0
6224.0,-1.0
18617.0,1.0
17888.0,0.9
4766.0,-0.9
5252.0,1.0
12542.0,-1.0
11084.0,-0.9
4523.0,0.9
14972.0,-1.0
13514.0,-0.9
14000.0,1.0
15458.0,1.0
13271.0,0.9
149.0,-0.9
12137.0,1.0
5576.0,0.9
14324.0,-1.0
1202.0,-0.9
4118.0,-1.0
15782.0,-1.0
2660.0,-0.9
7034.0,1.0
473.0,0.9
1769.0,-1.0
18536.0,0.9
5414.0,0.81
11246.0,1.0
4685.0,0.9
14162.0,-0.9
17078.0,-1.0
15620.0,-0.9
13433.0,-0.81
311.0,-0.9
3632.0,-1.0
16268.0,-1.0
3146.0,-0.9
8006.0,-1.0
11894.0,0.9
7520.0,-0.9
959.0,-0.81
16673.0,1.0
16592.0,0.9
3470.0,-0.9
12218.0,0.9
7844.0,-0.9
1283.0,0.9
11732.0,0.81
5171.0,0.9
16106.0,-0.9
13919.0,0.9
797.0,-0.7290000000000001
9464.0,-1.0
10436.0,-1.0
8978.0,-0.9
2417.0,-0.81
10760.0,-1.0
9302.0,-0.9
2741.0,0.9
3713.0,-1.0
15377.0,0.9
2255.0,-0.9
6791.0,0.9
7115.0,-0.81
8087.0,-1.0
11003.0,0.9
6629.0,-0.9
68.0,-0.6561000000000001
12353.0,0.0
5792.0,0.0
14540.0,-1.0
1418.0,-0.9
10895.0,0.0
4334.0,0.0
15998.0,-1.0
2876.0,-0.9
8708.0,0.0
11624.0,0.0
7250.0,0.0
689.0,0.0
12839.0,1.0
6278.0,0.9
15026.0,-1.0
1904.0,-0.9
16970.0,-1.0
3848.0,-0.9
12596.0,0.9
8222.0,0.0
1661.0,0.0
17942.0,-1.0
4820.0,-0.9
18428.0,-1.0
5306.0,-0.9
11138.0,0.0
4577.0,0.0
13325.0,-1.0
203.0,-0.9
17186.0,-1.0
4064.0,-0.9
8438.0,1.0
1877.0,0.9
18644.0,-1.0
5522.0,-0.9
11354.0,1.0
4793.0,0.9
13541.0,-1.0
419.0,-0.9
16700.0,-1.0
3578.0,-0.9
12326.0,0.0
7952.0,-0.9
1391.0,-0.81
11840.0,0.0
5279.0,0.0
14027.0,-1.0
905.0,-0.9
10868.0,0.0
9410.0,-0.9
2849.0,-0.81
10382.0,-0.9
3821.0,-0.81
15485.0,-1.0
2363.0,-0.9
7223.0,0.0
8195.0,0.9
11111.0,0.9
6737.0,0.0
176.0,0.0
13001.0,0.0
6440.0,0.0
17375.0,1.0
15188.0,0.9
2066.0,0.0
17294.0,0.9
4172.0,0.0
12920.0,0.0
8546.0,0.0
1985.0,0.0
18833.0,1.0
18104.0,0.9
4982.0,0.0
18752.0,0.9
5630.0,0.0
11462.0,0.0
4901.0,0.0
13730.0,0.81
14378.0,-0.9
15836.0,-0.9
13649.0,0.7290000000000001
527.0,0.0
4226.0,1.0
12974.0,0.0
8600.0,-0.9
2039.0,0.9
5684.0,1.0
11516.0,0.0
4955.0,0.9
14432.0,1.0
15890.0,1.0
13703.0,0.9
581.0,0.81
12164.0,0.0
5603.0,0.9
16538.0,-0.9
14351.0,0.9
1229.0,-0.7290000000000001
10706.0,-0.9
4145.0,0.9
15809.0,0.9
2687.0,-0.7290000000000001
8519.0,0.0
11435.0,0.0
7061.0,-0.7290000000000001
500.0,0.7290000000000001
19076.0,-1.0
5954.0,-0.9
19238.0,-1.0
6116.0,-0.9
12434.0,0.0
5873.0,0.0
14702.0,-0.9
14864.0,-0.9
16808.0,-0.9
14621.0,-0.81
1499.0,-0.7290000000000001
19292.0,-1.0
6170.0,-0.9
12488.0,-0.9
5927.0,-0.81
14918.0,-0.9
16862.0,1.0
14675.0,0.9
1553.0,-0.9
12650.0,1.0
6089.0,0.9
17024.0,-0.9
14837.0,-0.81
1715.0,-0.9
16781.0,0.9
3659.0,-0.9
12407.0,0.9
8033.0,-0.9
1472.0,-0.6561000000000001
17618.0,-0.9
17780.0,-0.9
18266.0,-0.9
17537.0,-0.81
4415.0,-0.7290000000000001
17834.0,-0.9
18320.0,1.0
17591.0,0.9
4469.0,-0.7290000000000001
18482.0,-0.9
17753.0,-0.81
4631.0,-0.7290000000000001
18239.0,0.9
5117.0,0.0
10949.0,0.0
4388.0,0.0
13163.0,-0.9
13217.0,0.81
13379.0,-0.9
13865.0,-0.9
15323.0,-0.9
13136.0,0.7290000000000001
14.0,-0.5904900000000002
12281.0,0.0
5720.0,0.0
14468.0,-1.0
1346.0,-0.9
2804.0,1.0
10823.0,1.0
8636.0,0.9
11552.0,0.0
7178.0,0.0
617.0,0.9
1832.0,1.0
3776.0,1.0
12767.0,1.0
12524.0,0.9
8150.0,0.81
1589.0,0.9
4748.0,1.0
18599.0,1.0
18356.0,0.9
5234.0,0.0
11066.0,0.0
4505.0,0.9
13496.0,1.0
13982.0,-0.9
15440.0,1.0
13253.0,0.9
131.0,0.81
12119.0,0.0
5558.0,0.0
14306.0,-1.0
1184.0,-0.9
4100.0,-1.0
15764.0,-1.0
2642.0,-0.9
8474.0,-1.0
11390.0,0.0
7016.0,-0.9
455.0,-0.81
17141.0,1.0
17060.0,0.9
3938.0,-0.9
12686.0,0.9
8312.0,-0.9
1751.0,0.9
18518.0,0.9
5396.0,0.0
11228.0,0.0
4667.0,0.9
14144.0,-0.9
15602.0,-0.9
13415.0,0.9
293.0,-0.7290000000000001
10175.0,1.0
3614.0,0.9
16250.0,-1.0
3128.0,-0.9
7988.0,0.9
11876.0,0.0
7502.0,0.0
941.0,0.0
16574.0,-1.0
3452.0,-0.9
12200.0,0.0
7826.0,0.0
1265.0,0.0
11714.0,0.0
5153.0,0.0
16088.0,-0.9
13901.0,-0.81
779.0,-0.7290000000000001
9446.0,0.9
10418.0,-1.0
8960.0,-0.9
2399.0,-0.81
10742.0,0.9
9284.0,0.81
2723.0,0.9
10256.0,-0.9
3695.0,0.9
15359.0,0.9
2237.0,-0.7290000000000001
6773.0,0.0
7097.0,0.7290000000000001
8069.0,0.7290000000000001
10985.0,0.0
6611.0,0.0
50.0,0.7290000000000001
17204.0,-1.0
4082.0,-0.9
12830.0,0.9
8456.0,-0.9
1895.0,-0.81
18662.0,-1.0
5540.0,-0.9
11372.0,0.0
4811.0,0.0
13559.0,-1.0
437.0,-0.9
16718.0,-1.0
3596.0,-0.9
12344.0,0.0
7970.0,0.0
1409.0,0.0
11858.0,0.0
5297.0,0.0
14045.0,-1.0
923.0,-0.9
10886.0,0.0
9428.0,0.0
2867.0,0.0
10400.0,-0.9
3839.0,-0.81
15503.0,-1.0
2381.0,-0.9
7241.0,0.0
8213.0,0.0
11129.0,0.0
6755.0,0.0
194.0,0.0
4244.0,1.0
12992.0,0.0
8618.0,0.0
2057.0,0.9
18824.0,0.9
5702.0,0.0
11534.0,0.0
4973.0,0.0
14450.0,-0.9
15908.0,1.0
13721.0,0.9
599.0,0.0
12182.0,0.0
5621.0,0.0
16556.0,-0.9
14369.0,-0.81
1247.0,-0.7290000000000001
10724.0,0.0
4163.0,0.9
15827.0,0.9
2705.0,0.0
8537.0,0.0
11453.0,0.0
7079.0,0.0
518.0,0.0
6188.0,1.0
12506.0,0.0
5945.0,0.9
14936.0,1.0
16880.0,1.0
14693.0,0.9
1571.0,0.81
12668.0,0.81
6107.0,0.9
17042.0,-0.9
14855.0,0.9
1733.0,-0.7290000000000001
16799.0,0.9
3677.0,-0.7290000000000001
12425.0,0.7290000000000001
8051.0,0.0
1490.0,0.7290000000000001
17852.0,1.0
18338.0,0.81
17609.0,0.9
4487.0,0.0
18500.0,-0.9
17771.0,0.9
4649.0,0.0
18257.0,0.7290000000000001
5135.0,0.0
10967.0,0.0
4406.0,0.0
13235.0,0.81
13397.0,-0.9
13883.0,-0.9
15341.0,-0.9
13154.0,0.7290000000000001
32.0,0.0
12065.0,0.0
5504.0,0.0
16439.0,1.0
14252.0,0.9
1130.0,0.0
2588.0,1.0
8420.0,-1.0
11336.0,0.0
6962.0,-0.9
401.0,0.9
3992.0,1.0
12740.0,0.9
8366.0,-0.9
1805.0,0.9
18572.0,0.9
5450.0,0.0
11282.0,0.0
4721.0,0.9
14198.0,0.81
15656.0,1.0
13469.0,0.9
347.0,0.81
3074.0,1.0
10121.0,1.0
7934.0,0.9
11822.0,0.0
7448.0,0.0
887.0,0.9
3506.0,1.0
12254.0,0.0
7880.0,0.0
1319.0,0.9
11768.0,0.0
5207.0,0.0
16142.0,1.0
13955.0,0.9
833.0,0.0
2291.0,1.0
8906.0,1.0
6719.0,0.9
9338.0,1.0
7151.0,0.9
10310.0,1.0
8123.0,0.9
11039.0,0.0
6665.0,0.0
104.0,0.9
1841.0,-1.0
18608.0,0.9
5486.0,0.0
12776.0,-1.0
11318.0,-0.9
4757.0,0.0
14234.0,0.81
15692.0,1.0
13505.0,0.9
383.0,-0.9
3542.0,1.0
12290.0,0.9
7916.0,0.81
1355.0,0.9
11804.0,0.0
5243.0,0.9
16178.0,1.0
13991.0,0.9
869.0,0.81
2327.0,1.0
9374.0,1.0
7187.0,0.9
8159.0,-1.0
11075.0,0.0
6701.0,-0.9
140.0,0.9
12236.0,0.0
5675.0,0.9
16610.0,1.0
14423.0,0.9
1301.0,0.81
2759.0,1.0
10778.0,1.0
8591.0,0.9
11507.0,0.0
7133.0,0.0
572.0,0.9
12722.0,-0.9
6161.0,0.9
17096.0,1.0
14909.0,0.9
1787.0,-0.9
3731.0,1.0
12479.0,0.0
8105.0,-0.9
1544.0,0.9
18554.0,0.81
17825.0,0.9
4703.0,0.0
18311.0,0.9
5189.0,0.0
11021.0,0.0
4460.0,0.0
13451.0,0.81
13937.0,0.81
15395.0,1.0
13208.0,0.9
86.0,0.0
9959.0,1.0
3398.0,0.9
16358.0,0.9
3236.0,0.81
7772.0,0.9
11984.0,0.0
7610.0,0.0
1049.0,0.7290000000000001
16466.0,-1.0
3344.0,-0.9
12092.0,0.0
7718.0,0.0
1157.0,0.0
11930.0,0.0
5369.0,0.0
16304.0,-0.9
14117.0,0.7290000000000001
995.0,0.0
9230.0,0.9
10526.0,-1.0
9068.0,-0.9
2507.0,0.9
10634.0,-1.0
9176.0,-0.9
2615.0,-0.81
10472.0,-0.9
3911.0,0.9
15575.0,0.9
2453.0,-0.7290000000000001
6881.0,0.0
6989.0,0.0
8285.0,-0.81
11201.0,0.0
6827.0,-0.7290000000000001
266.0,0.7290000000000001
16502.0,-1.0
3380.0,-0.9
12128.0,0.9
7754.0,0.81
1193.0,0.7290000000000001
11966.0,0.0
5405.0,0.7290000000000001
16340.0,-0.9
14153.0,0.7290000000000001
1031.0,0.6561000000000001
10670.0,-1.0
9212.0,-0.9
2651.0,-0.81
3947.0,-1.0
15611.0,0.9
2489.0,-0.9
7025.0,0.9
8321.0,-1.0
11237.0,0.9
6863.0,-0.9
302.0,0.5904900000000002
12074.0,0.0
5513.0,0.0
14261.0,-1.0
1139.0,-0.9
10616.0,-0.9
4055.0,-0.81
15719.0,-1.0
2597.0,-0.9
8429.0,0.9
11345.0,0.9
6971.0,0.0
410.0,0.0
17015.0,0.9
3893.0,-0.9
12641.0,0.9
8267.0,-0.9
1706.0,-0.6561000000000001
18473.0,0.7290000000000001
5351.0,0.0
11183.0,0.0
4622.0,0.0
14099.0,-0.9
15557.0,-0.9
13370.0,0.7290000000000001
248.0,-0.5904900000000002
9554.0,1.0
2993.0,0.9
9662.0,1.0
3101.0,0.9
9986.0,1.0
3425.0,0.9
16061.0,0.9
2939.0,0.81
7367.0,0.9
7475.0,0.9
7799.0,0.9
11687.0,0.0
7313.0,0.0
752.0,0.7290000000000001
9698.0,1.0
3137.0,0.9
10022.0,1.0
3461.0,0.9
16097.0,0.9
2975.0,0.81
7511.0,0.9
7835.0,0.9
11723.0,0.7290000000000001
7349.0,0.6561000000000001
788.0,0.7290000000000001
10130.0,1.0
3569.0,0.9
16205.0,-1.0
3083.0,-0.9
7943.0,0.9
11831.0,0.0
7457.0,0.0
896.0,0.0
16529.0,0.9
3407.0,0.81
12155.0,0.0
7781.0,0.0
1220.0,0.7290000000000001
11669.0,0.0
5108.0,0.0
16043.0,-0.9
13856.0,0.7290000000000001
734.0,0.0
8825.0,0.9
8933.0,0.9
9257.0,0.9
10229.0,0.9
8771.0,0.81
2210.0,0.9
8969.0,0.9
9293.0,0.9
10265.0,-1.0
8807.0,-0.9
2246.0,0.9
9401.0,0.9
10373.0,-0.81
8915.0,-0.7290000000000001
2354.0,-0.6561000000000001
10697.0,0.9
9239.0,0.81
2678.0,0.9
10211.0,-0.9
3650.0,0.9
15314.0,0.9
2192.0,-0.5904900000000002
6584.0,0.7290000000000001
6620.0,0.5904900000000002
6728.0,0.0
7052.0,0.7290000000000001
8024.0,0.0
10940.0,0.0
6566.0,0.0
5.0,0.0
1911.0,-1.0
18678.0,0.9
5556.0,0.0
12846.0,-1.0
11388.0,-0.9
4827.0,0.0
14304.0,-0.9
17220.0,-1.0
15762.0,-0.9
13575.0,-0.81
453.0,-0.9
16734.0,-1.0
3612.0,-0.9
12360.0,0.9
7986.0,0.81
1425.0,0.9
11874.0,0.0
5313.0,0.9
16248.0,-0.9
14061.0,0.9
939.0,0.0
10902.0,-1.0
9444.0,-0.9
2883.0,-0.81
3855.0,-1.0
15519.0,-0.81
2397.0,-0.9
7257.0,0.7290000000000001
8229.0,-1.0
11145.0,0.0
6771.0,-0.9
210.0,0.0
4260.0,1.0
13008.0,0.9
8634.0,0.81
2073.0,0.9
18840.0,-1.0
5718.0,-0.9
11550.0,0.0
4989.0,0.0
13737.0,-1.0
615.0,-0.9
12198.0,0.0
5637.0,0.9
14385.0,-1.0
1263.0,-0.9
10740.0,-0.9
4179.0,0.9
15843.0,-1.0
2721.0,-0.9
8553.0,0.7290000000000001
11469.0,0.7290000000000001
7095.0,0.6561000000000001
534.0,0.5904900000000002
6204.0,1.0
12522.0,0.81
5961.0,0.9
14952.0,1.0
16896.0,1.0
14709.0,0.9
1587.0,0.81
12684.0,-0.9
6123.0,0.9
17058.0,-0.9
14871.0,0.9
1749.0,-0.9
16815.0,0.9
3693.0,-0.9
12441.0,0.7290000000000001
8067.0,-0.9
1506.0,0.7290000000000001
17868.0,1.0
18354.0,-0.9
17625.0,0.9
4503.0,0.0
18516.0,0.81
17787.0,0.9
4665.0,0.0
18273.0,0.9
5151.0,0.0
10983.0,0.0
4422.0,0.0
13251.0,-0.9
13413.0,-0.7290000000000001
13899.0,-0.9
15357.0,-0.9
13170.0,-0.6561000000000001
48.0,-0.5904900000000002
4044.0,1.0
12792.0,0.9
8418.0,-0.9
1857.0,0.9
18624.0,0.0
5502.0,0.0
11334.0,0.0
4773.0,0.0
14250.0,0.0
15708.0,1.0
13521.0,0.9
399.0,0.0
3558.0,1.0
12306.0,0.9
7932.0,0.81
1371.0,0.9
11820.0,0.0
5259.0,0.0
16194.0,1.0
14007.0,0.9
885.0,0.0
2343.0,1.0
9390.0,1.0
7203.0,0.9
10362.0,1.0
8175.0,0.9
11091.0,0.9
6717.0,0.81
156.0,0.9
12252.0,0.0
5691.0,0.0
14439.0,-1.0
1317.0,-0.9
2775.0,1.0
10794.0,1.0
8607.0,0.9
11523.0,0.9
7149.0,0.81
588.0,0.9
12738.0,0.81
6177.0,0.9
17112.0,1.0
14925.0,0.9
1803.0,0.81
3747.0,1.0
12495.0,0.9
8121.0,0.81
1560.0,0.9
18570.0,0.0
17841.0,0.9
4719.0,0.0
18327.0,0.0
5205.0,0.0
11037.0,0.0
4476.0,0.0
13467.0,0.81
13953.0,-0.9
15411.0,1.0
13224.0,0.9
102.0,0.0
16518.0,0.0
3396.0,0.0
12144.0,0.0
7770.0,0.0
1209.0,0.0
11982.0,0.0
5421.0,0.0
16356.0,0.0
14169.0,0.0
1047.0,0.0
10686.0,-1.0
9228.0,-0.9
2667.0,0.0
10524.0,-0.9
3963.0,0.9
15627.0,0.9
2505.0,0.0
7041.0,0.0
8337.0,-0.81
11253.0,0.0
6879.0,-0.7290000000000001
318.0,0.0
12090.0,0.0
5529.0,0.0
16464.0,-0.9
14277.0,0.0
1155.0,0.0
4071.0,-1.0
15735.0,-0.81
2613.0,-0.9
8445.0,-1.0
11361.0,0.0
6987.0,-0.9
426.0,0.0
17031.0,0.9
3909.0,-0.9
12657.0,0.7290000000000001
8283.0,-0.9
1722.0,0.7290000000000001
18489.0,0.7290000000000001
5367.0,0.0
11199.0,0.0
4638.0,0.0
14115.0,0.0
15573.0,-0.7290000000000001
13386.0,0.7290000000000001
264.0,0.0
9714.0,1.0
3153.0,0.9
10038.0,1.0
3477.0,0.9
16113.0,0.9
2991.0,0.81
7527.0,0.9
7851.0,0.9
11739.0,0.0
7365.0,0.0
804.0,0.7290000000000001
10146.0,1.0
3585.0,0.9
16221.0,-0.81
3099.0,-0.7290000000000001
7959.0,0.9
11847.0,0.0
7473.0,0.0
912.0,0.0
16545.0,-1.0
3423.0,-0.9
12171.0,0.7290000000000001
7797.0,0.6561000000000001
1236.0,0.5904900000000002
11685.0,0.0
5124.0,0.0
16059.0,-0.9
13872.0,0.0
750.0,0.0
8985.0,0.9
9309.0,0.9
10281.0,0.9
8823.0,0.81
2262.0,0.9
9417.0,0.9
10389.0,-1.0
8931.0,-0.9
2370.0,-0.6561000000000001
10713.0,0.9
9255.0,0.81
2694.0,0.9
10227.0,-0.9
3666.0,0.9
15330.0,0.9
2208.0,-0.5904900000000002
6636.0,0.7290000000000001
6744.0,0.0
7068.0,0.7290000000000001
8040.0,0.7290000000000001
10956.0,0.0
6582.0,0.0
21.0,0.0
17238.0,0.9
4116.0,-0.9
8490.0,1.0
1929.0,0.9
18696.0,0.9
5574.0,0.81
11406.0,1.0
4845.0,0.9
14322.0,-0.9
15780.0,-0.9
13593.0,0.9
471.0,0.81
1443.0,-1.0
12378.0,-1.0
11892.0,-0.9
5331.0,0.9
16752.0,-1.0
16266.0,-0.9
14079.0,0.9
957.0,-0.9
2901.0,-1.0
10920.0,-1.0
10434.0,-0.9
3873.0,0.9
15537.0,0.9
2415.0,-0.9
7275.0,-1.0
8247.0,0.9
11163.0,0.9
6789.0,-0.9
228.0,0.9
4278.0,1.0
13027.0,1.0
13026.0,0.9
8652.0,-0.9
2091.0,0.9
5736.0,1.0
11568.0,0.81
5007.0,0.9
14484.0,1.0
15942.0,1.0
13755.0,0.9
633.0,0.81
12216.0,-0.9
5655.0,0.9
16590.0,-0.9
14403.0,0.9
1281.0,-0.9
10758.0,-0.9
4197.0,0.9
15861.0,0.9
2739.0,-0.9
8571.0,0.9
11487.0,0.9
7113.0,-0.9
552.0,0.9
19344.0,-1.0
6222.0,-0.9
12540.0,-0.9
5979.0,0.9
14970.0,-0.9
16914.0,1.0
14727.0,0.9
1605.0,-0.9
12702.0,1.0
6141.0,0.9
17076.0,-0.9
14889.0,0.9
1767.0,-0.9
16833.0,0.9
3711.0,-0.9
12459.0,0.9
8085.0,-0.9
1524.0,0.9
17886.0,-0.9
18372.0,1.0
17643.0,0.9
4521.0,0.81
18534.0,0.81
17805.0,0.9
4683.0,0.81
18291.0,0.9
5169.0,0.81
11001.0,0.81
4440.0,0.9
13269.0,0.81
13431.0,-0.7290000000000001
13917.0,0.81
15375.0,0.81
13188.0,0.9
66.0,-0.5904900000000002
12288.0,0.81
5727.0,0.9
16662.0,1.0
14475.0,0.9
1353.0,0.81
2811.0,1.0
10830.0,1.0
8643.0,0.9
11559.0,0.9
7185.0,0.81
624.0,0.9
12774.0,-0.9
6213.0,-0.81
17148.0,1.0
14961.0,0.9
1839.0,-0.9
3783.0,1.0
12531.0,0.9
8157.0,-0.9
1596.0,0.9
18606.0,0.0
17877.0,0.0
4755.0,-0.7290000000000001
18363.0,0.9
5241.0,0.0
11073.0,0.0
4512.0,0.7290000000000001
13503.0,0.0
13989.0,0.81
15447.0,1.0
13260.0,0.9
138.0,0.6561000000000001
12126.0,0.0
5565.0,0.7290000000000001
16500.0,-0.9
14313.0,0.0
1191.0,0.0
10668.0,-0.9
4107.0,-0.81
15771.0,0.0
2649.0,-0.7290000000000001
8481.0,0.9
11397.0,0.9
7023.0,0.0
462.0,0.7290000000000001
17067.0,0.9
3945.0,-0.9
12693.0,0.9
8319.0,-0.9
1758.0,0.5904900000000002
18525.0,0.7290000000000001
5403.0,0.0
11235.0,0.0
4674.0,0.7290000000000001
14151.0,0.0
15609.0,0.0
13422.0,0.0
300.0,0.0
3621.0,-1.0
16257.0,-0.81
3135.0,-0.9
7995.0,-1.0
11883.0,0.0
7509.0,-0.9
948.0,0.0
16581.0,0.9
3459.0,-0.9
12207.0,0.7290000000000001
7833.0,-0.9
1272.0,0.7290000000000001
11721.0,0.0
5160.0,0.7290000000000001
16095.0,-0.7290000000000001
13908.0,0.7290000000000001
786.0,0.0
9453.0,-1.0
10425.0,-0.81
8967.0,-0.9
2406.0,-0.6561000000000001
10749.0,0.9
9291.0,-0.9
2730.0,0.9
10263.0,-0.9
3702.0,0.9
15366.0,0.9
2244.0,-0.5904900000000002
6780.0,0.0
7104.0,0.7290000000000001
8076.0,0.7290000000000001
10992.0,0.7290000000000001
6618.0,0.0
57.0,0.5904900000000002
17454.0,0.9
4332.0,0.0
13080.0,0.9
8706.0,0.0
2145.0,0.9
18913.0,1.0
18912.0,0.9
5790.0,0.0
11622.0,0.0
5061.0,0.9
14538.0,-0.9
15996.0,-0.9
13809.0,0.9
687.0,0.0
12324.0,-0.9
5763.0,0.9
16698.0,-0.9
14511.0,0.9
1389.0,-0.9
10866.0,-0.9
4305.0,0.9
15969.0,0.9
2847.0,-0.9
8679.0,0.9
11595.0,0.9
7221.0,-0.9
660.0,0.9
19398.0,-1.0
6276.0,-0.9
12594.0,0.81
6033.0,0.9
15024.0,-0.9
16968.0,-0.9
14781.0,0.9
1659.0,0.0
12810.0,1.0
6249.0,0.9
17184.0,-0.9
14997.0,0.9
1875.0,0.81
16941.0,0.9
3819.0,-0.7290000000000001
12567.0,0.9
8193.0,0.81
1632.0,0.9
17940.0,-0.9
18426.0,-0.9
17697.0,0.9
4575.0,0.0
18642.0,-0.9
17913.0,0.9
4791.0,0.81
18399.0,0.9
5277.0,0.0
11109.0,0.81
4548.0,0.9
13323.0,-0.9
13539.0,-0.9
14025.0,-0.9
15483.0,-0.9
13296.0,0.9
174.0,0.0
12342.0,0.0
5781.0,0.9
16716.0,-0.9
14529.0,0.9
1407.0,0.0
10884.0,-0.9
4323.0,0.0
15987.0,-0.81
2865.0,-0.7290000000000001
8697.0,0.0
11613.0,0.7290000000000001
7239.0,0.0
678.0,0.7290000000000001
12828.0,-0.9
6267.0,-0.81
17202.0,-0.9
15015.0,-0.81
1893.0,-0.9
16959.0,-0.81
3837.0,-0.9
12585.0,0.7290000000000001
8211.0,-0.9
1650.0,0.0
18660.0,-0.9
17931.0,-0.81
4809.0,-0.7290000000000001
18417.0,0.9
5295.0,0.0
11127.0,0.0
4566.0,0.7290000000000001
13557.0,-0.9
14043.0,-0.9
15501.0,-0.9
13314.0,0.7290000000000001
192.0,0.0
17175.0,-0.81
4053.0,-0.9
12801.0,0.9
8427.0,-0.9
1866.0,0.7290000000000001
18633.0,0.7290000000000001
5511.0,0.0
11343.0,0.0
4782.0,0.7290000000000001
14259.0,-0.9
15717.0,-0.9
13530.0,0.0
408.0,0.0
16689.0,-0.81
3567.0,-0.9
12315.0,0.0
7941.0,-0.9
1380.0,0.0
11829.0,0.0
5268.0,0.7290000000000001
16203.0,-0.9
14016.0,0.7290000000000001
894.0,0.0
10857.0,-0.81
9399.0,-0.9
2838.0,-0.6561000000000001
10371.0,-0.9
3810.0,-0.6561000000000001
15474.0,-0.6561000000000001
2352.0,-0.5904900000000002
7212.0,0.0
8184.0,0.7290000000000001
11100.0,0.7290000000000001
6726.0,0.0
165.0,0.0
19560.0,-1.0
6438.0,-0.9
12918.0,0.0
6357.0,0.9
15186.0,-0.9
17292.0,0.81
15105.0,0.9
1983.0,0.0
12972.0,0.0
6411.0,0.9
17346.0,1.0
15159.0,0.9
2037.0,0.81
17265.0,0.9
4143.0,0.81
12891.0,0.9
8517.0,0.0
1956.0,0.9
18102.0,-0.9
18750.0,0.81
18021.0,0.9
4899.0,0.0
18804.0,1.0
18075.0,0.9
4953.0,0.81
18723.0,0.9
5601.0,0.81
11433.0,0.0
4872.0,0.9
13647.0,0.6561000000000001
13701.0,0.81
14349.0,0.81
15807.0,0.81
13620.0,0.9
498.0,0.6561000000000001
12990.0,0.0
6429.0,0.0
17364.0,1.0
15177.0,0.9
2055.0,0.0
17283.0,0.9
4161.0,0.0
12909.0,0.7290000000000001
8535.0,0.0
1974.0,0.0
18822.0,-0.9
18093.0,-0.81
4971.0,-0.7290000000000001
18741.0,0.9
5619.0,0.0
11451.0,0.0
4890.0,0.7290000000000001
13719.0,-0.9
14367.0,-0.9
15825.0,-0.9
13638.0,0.5904900000000002
516.0,0.0
4215.0,1.0
12963.0,0.9
8589.0,0.81
2028.0,0.9
18795.0,0.9
5673.0,0.0
11505.0,0.0
4944.0,0.7290000000000001
14421.0,-0.9
15879.0,1.0
13692.0,0.9
570.0,0.6561000000000001
12153.0,0.0
5592.0,0.7290000000000001
16527.0,-0.9
14340.0,0.7290000000000001
1218.0,0.0
10695.0,-0.7290000000000001
4134.0,0.9
15798.0,0.9
2676.0,-0.5904900000000002
8508.0,0.7290000000000001
11424.0,0.7290000000000001
7050.0,0.0
489.0,0.5904900000000002
18993.0,-1.0
5871.0,-0.9
19047.0,-1.0
5925.0,-0.9
19209.0,-1.0
6087.0,-0.9
12405.0,0.81
5844.0,0.9
14619.0,-0.9
14673.0,-0.9
14835.0,-0.9
16779.0,0.81
14592.0,0.9
1470.0,-0.5904900000000002
19065.0,-1.0
5943.0,-0.9
19227.0,-1.0
6105.0,-0.9
12423.0,0.6561000000000001
5862.0,0.5904900000000002
14691.0,-0.9
14853.0,-0.9
16797.0,-0.7290000000000001
14610.0,-0.6561000000000001
1488.0,-0.5904900000000002
19281.0,-1.0
6159.0,-0.9
12477.0,0.0
5916.0,0.0
14907.0,-0.9
16851.0,1.0
14664.0,0.9
1542.0,0.0
12639.0,0.6561000000000001
6078.0,0.5904900000000002
17013.0,-0.7290000000000001
14826.0,-0.6561000000000001
1704.0,-0.5904900000000002
16770.0,0.9
3648.0,-0.5904900000000002
12396.0,0.7290000000000001
8022.0,0.0
1461.0,0.5904900000000002
17535.0,-0.9
17589.0,-0.9
17751.0,-0.9
18237.0,0.81
17508.0,0.9
4386.0,0.0
17607.0,-0.9
17769.0,-0.9
18255.0,0.6561000000000001
17526.0,0.5904900000000002
4404.0,0.0
17823.0,-0.9
18309.0,0.0
17580.0,0.0
4458.0,0.0
18471.0,0.6561000000000001
17742.0,0.5904900000000002
4620.0,0.0
18228.0,0.7290000000000001
5106.0,0.0
10938.0,0.0
4377.0,0.0
13134.0,0.6561000000000001
13152.0,-0.5904900000000002
13206.0,0.0
13368.0,-0.5904900000000002
13854.0,0.0
15312.0,-0.5904900000000002
13125.0,0.5904900000000002
3.0,0.0
1340.0,1.0
10817.0,0.0
4256.0,0.0
16649.0,1.0
15920.0,0.9
2798.0,0.0
8630.0,0.0
12275.0,1.0
11546.0,0.9
7172.0,0.0
611.0,0.9
1826.0,1.0
17135.0,1.0
16892.0,0.9
3770.0,0.0
12761.0,1.0
12518.0,0.9
8144.0,0.0
1583.0,0.9
4742.0,1.0
5228.0,1.0
11060.0,0.81
4499.0,0.9
13490.0,1.0
13976.0,1.0
15434.0,0.81
13247.0,0.9
125.0,0.81
5552.0,-1.0
14300.0,-1.0
1178.0,-0.9
10655.0,1.0
4094.0,0.9
15758.0,-1.0
2636.0,-0.9
7010.0,1.0
449.0,0.9
17054.0,0.9
3932.0,0.81
8306.0,1.0
1745.0,0.9
18593.0,1.0
18512.0,0.9
5390.0,-0.9
11222.0,1.0
4661.0,0.9
14138.0,-0.9
15596.0,-0.9
13409.0,0.9
287.0,0.81
10169.0,1.0
3608.0,0.9
16244.0,-1.0
3122.0,-0.9
7982.0,0.9
11870.0,-1.0
7496.0,-0.9
935.0,-0.81
16568.0,0.9
3446.0,0.81
12194.0,0.9
7820.0,0.81
1259.0,0.9
11708.0,-0.9
5147.0,0.9
16082.0,-0.9
13895.0,0.9
773.0,-0.7290000000000001
9440.0,0.9
10412.0,0.9
8954.0,0.81
2393.0,0.7290000000000001
10736.0,0.0
9278.0,0.0
2717.0,0.7290000000000001
10250.0,0.0
3689.0,0.7290000000000001
15353.0,0.7290000000000001
2231.0,0.6561000000000001
6767.0,0.9
7091.0,0.7290000000000001
8063.0,0.9
10979.0,0.9
6605.0,0.6561000000000001
44.0,0.7290000000000001
17210.0,-1.0
4088.0,-0.9
8462.0,1.0
1901.0,0.9
18668.0,-1.0
5546.0,-0.9
11378.0,1.0
4817.0,0.9
13565.0,-1.0
443.0,-0.9
16724.0,-1.0
3602.0,-0.9
12350.0,0.0
7976.0,0.0
1415.0,0.0
11864.0,-0.9
5303.0,-0.81
14051.0,-1.0
929.0,-0.9
10892.0,0.0
9434.0,0.0
2873.0,0.0
10406.0,0.0
3845.0,0.0
15509.0,-1.0
2387.0,-0.9
7247.0,0.0
8219.0,0.9
11135.0,0.9
6761.0,0.0
200.0,0.0
17372.0,0.9
4250.0,0.0
12998.0,0.0
8624.0,0.0
2063.0,0.0
5708.0,1.0
11540.0,0.0
4979.0,0.9
14456.0,1.0
15914.0,0.81
13727.0,0.9
605.0,0.0
12188.0,0.0
5627.0,0.9
16562.0,-0.9
14375.0,0.9
1253.0,0.0
10730.0,0.0
4169.0,0.0
15833.0,0.7290000000000001
2711.0,0.0
8543.0,0.0
11459.0,0.0
7085.0,0.0
524.0,0.0
6194.0,1.0
12512.0,0.0
5951.0,0.9
14942.0,1.0
16886.0,0.81
14699.0,0.9
1577.0,0.0
12674.0,1.0
6113.0,0.9
17048.0,-0.9
14861.0,0.9
1739.0,0.81
16805.0,0.7290000000000001
3683.0,0.0
12431.0,0.9
8057.0,0.0
1496.0,0.7290000000000001
17858.0,1.0
18344.0,1.0
17615.0,0.9
4493.0,0.81
18506.0,-0.9
17777.0,0.9
4655.0,0.81
18263.0,0.9
5141.0,-0.7290000000000001
10973.0,0.0
4412.0,0.7290000000000001
13241.0,0.81
13403.0,-0.9
13889.0,-0.9
15347.0,-0.9
13160.0,0.7290000000000001
38.0,0.0
1124.0,1.0
4040.0,-1.0
16433.0,1.0
15704.0,0.9
2582.0,-0.9
6956.0,1.0
395.0,0.9
17108.0,0.9
3986.0,-0.9
8360.0,1.0
1799.0,0.9
5444.0,1.0
11276.0,1.0
4715.0,0.9
14192.0,1.0
15650.0,0.81
13463.0,0.9
341.0,0.81
827.0,1.0
3068.0,1.0
10115.0,1.0
9386.0,0.9
10358.0,-1.0
8900.0,-0.9
2339.0,0.9
3500.0,1.0
10790.0,0.0
9332.0,0.0
2771.0,0.9
10304.0,-0.9
3743.0,0.0
16136.0,1.0
15407.0,0.9
2285.0,0.0
7442.0,1.0
6713.0,0.9
7874.0,1.0
7145.0,0.9
8117.0,0.9
11762.0,1.0
11033.0,0.9
6659.0,0.81
98.0,0.9
1847.0,-1.0
5492.0,1.0
11324.0,1.0
4763.0,0.9
14240.0,1.0
17156.0,-1.0
15698.0,-0.9
13511.0,0.9
389.0,-0.9
875.0,1.0
3548.0,1.0
10838.0,-1.0
9380.0,-0.9
2819.0,0.9
3791.0,-1.0
16184.0,1.0
15455.0,0.9
2333.0,-0.9
7922.0,1.0
7193.0,0.9
8165.0,-1.0
11810.0,1.0
11081.0,0.9
6707.0,-0.9
146.0,0.9
1307.0,1.0
10784.0,-0.9
4223.0,0.9
16616.0,1.0
15887.0,0.9
2765.0,0.81
8597.0,0.0
12242.0,1.0
11513.0,0.9
7139.0,0.0
578.0,0.9
12728.0,1.0
6167.0,0.9
17102.0,-0.9
14915.0,0.9
1793.0,-0.9
16859.0,0.9
3737.0,-0.9
12485.0,0.9
8111.0,-0.9
1550.0,0.0
18560.0,1.0
17831.0,0.9
4709.0,0.81
5195.0,1.0
11027.0,0.81
4466.0,0.9
13457.0,0.81
13943.0,1.0
15401.0,0.81
13214.0,0.9
92.0,0.0
9953.0,1.0
3392.0,0.9
16352.0,0.9
3230.0,0.81
7604.0,1.0
1043.0,0.9
16460.0,-1.0
3338.0,-0.9
7712.0,1.0
1151.0,0.9
11924.0,1.0
5363.0,0.9
16298.0,-0.9
14111.0,0.9
989.0,0.81
9062.0,1.0
2501.0,0.9
9170.0,1.0
2609.0,0.9
10466.0,1.0
3905.0,0.9
15569.0,0.7290000000000001
2447.0,0.6561000000000001
6821.0,1.0
260.0,0.9
16508.0,-1.0
3386.0,-0.9
7760.0,1.0
1199.0,0.9
11972.0,1.0
5411.0,0.9
16346.0,-0.9
14159.0,0.9
1037.0,0.81
9218.0,1.0
2657.0,0.9
3953.0,-1.0
15617.0,-0.81
2495.0,-0.9
6869.0,1.0
308.0,0.9
12080.0,1.0
5519.0,0.9
14267.0,-1.0
1145.0,-0.9
10622.0,1.0
4061.0,0.9
15725.0,-1.0
2603.0,-0.9
6977.0,1.0
416.0,0.9
17021.0,-0.81
3899.0,-0.9
8273.0,1.0
1712.0,0.9
18479.0,0.9
5357.0,0.81
11189.0,1.0
4628.0,0.9
14105.0,-0.9
15563.0,-0.9
13376.0,0.7290000000000001
254.0,0.6561000000000001
9548.0,1.0
2987.0,0.9
9656.0,1.0
3095.0,0.9
9980.0,1.0
3419.0,0.9
16055.0,0.9
2933.0,0.81
7361.0,0.9
7469.0,0.9
7793.0,0.9
11681.0,0.9
7307.0,0.81
746.0,0.9
9704.0,1.0
3143.0,0.9
10028.0,1.0
3467.0,0.9
16103.0,0.9
2981.0,0.81
7517.0,0.9
7841.0,0.9
11729.0,0.9
7355.0,0.81
794.0,0.9
10136.0,1.0
3575.0,0.9
16211.0,-1.0
3089.0,-0.9
7949.0,0.9
11837.0,0.9
7463.0,0.81
902.0,0.7290000000000001
16535.0,0.9
3413.0,0.81
12161.0,0.9
7787.0,0.81
1226.0,0.9
11675.0,0.81
5114.0,0.9
16049.0,-0.9
13862.0,0.9
740.0,0.6561000000000001
8819.0,0.9
8927.0,0.9
9251.0,0.9
10223.0,0.9
8765.0,0.81
2204.0,0.7290000000000001
8975.0,0.9
9299.0,0.9
10271.0,-1.0
8813.0,-0.9
2252.0,0.7290000000000001
9407.0,0.9
10379.0,0.9
8921.0,0.81
2360.0,0.7290000000000001
10703.0,0.0
9245.0,0.0
2684.0,0.7290000000000001
10217.0,-0.9
3656.0,0.0
15320.0,0.7290000000000001
2198.0,0.0
6578.0,0.9
6626.0,0.9
6734.0,0.9
7058.0,0.7290000000000001
8030.0,0.9
10946.0,0.9
6572.0,0.6561000000000001
11.0,0.5904900000000002
17214.0,0.0
4092.0,0.0
8466.0,1.0
1905.0,0.9
4821.0,-1.0
18672.0,-1.0
14298.0,-0.9
15756.0,-0.9
13569.0,-0.81
447.0,-0.9
16728.0,0.9
3606.0,0.81
12354.0,-1.0
7980.0,-0.9
1419.0,0.9
5307.0,-1.0
16242.0,-0.9
14055.0,0.9
933.0,-0.9
10896.0,0.0
9438.0,0.0
2877.0,0.7290000000000001
10410.0,0.0
3849.0,0.0
15513.0,0.0
2391.0,0.0
7251.0,0.0
8223.0,0.9
11139.0,-1.0
6765.0,-0.9
204.0,0.0
17376.0,0.0
4254.0,0.0
13002.0,0.9
8628.0,0.0
2067.0,0.0
5712.0,1.0
11544.0,0.81
4983.0,0.9
14460.0,1.0
15918.0,0.0
13731.0,0.9
609.0,0.0
12192.0,-0.9
5631.0,0.9
16566.0,0.81
14379.0,0.9
1257.0,0.81
10734.0,0.0
4173.0,0.0
15837.0,0.7290000000000001
2715.0,0.0
8547.0,0.0
11463.0,0.7290000000000001
7089.0,0.0
528.0,0.7290000000000001
6198.0,1.0
12516.0,0.81
5955.0,0.9
14946.0,1.0
16890.0,0.0
14703.0,0.9
1581.0,0.0
12678.0,1.0
6117.0,0.9
17052.0,0.0
14865.0,0.9
1743.0,0.81
16809.0,0.0
3687.0,0.0
12435.0,0.9
8061.0,0.0
1500.0,0.7290000000000001
17862.0,1.0
18348.0,1.0
17619.0,0.9
4497.0,0.81
18510.0,-0.9
17781.0,0.9
4659.0,-0.9
18267.0,0.9
5145.0,-0.9
10977.0,-0.9
4416.0,0.7290000000000001
13245.0,0.81
13407.0,-0.7290000000000001
13893.0,0.81
15351.0,0.0
13164.0,0.7290000000000001
42.0,0.0
17160.0,0.0
4038.0,-0.9
8412.0,1.0
1851.0,0.9
5496.0,1.0
11328.0,1.0
4767.0,0.9
14244.0,1.0
15702.0,0.0
13515.0,0.9
393.0,0.81
879.0,1.0
3552.0,1.0
10842.0,0.9
9384.0,0.81
2823.0,0.9
10356.0,-0.9
3795.0,0.0
16188.0,1.0
15459.0,0.9
2337.0,0.0
7926.0,1.0
7197.0,0.9
8169.0,0.9
11814.0,1.0
11085.0,0.9
6711.0,0.81
150.0,0.9
1311.0,1.0
10788.0,0.0
4227.0,0.0
16620.0,1.0
15891.0,0.9
2769.0,0.0
8601.0,0.9
12246.0,1.0
11517.0,0.9
7143.0,0.81
582.0,0.9
12732.0,1.0
6171.0,0.9
17106.0,0.0
14919.0,0.9
1797.0,0.81
16863.0,0.0
3741.0,0.0
12489.0,0.9
8115.0,0.81
1554.0,0.7290000000000001
18564.0,1.0
17835.0,0.9
4713.0,0.81
5199.0,1.0
11031.0,0.81
4470.0,0.9
13461.0,0.81
13947.0,1.0
15405.0,0.0
13218.0,0.9
96.0,0.6561000000000001
16512.0,0.0
3390.0,0.0
7764.0,1.0
1203.0,0.9
11976.0,1.0
5415.0,0.9
16350.0,0.0
14163.0,0.9
1041.0,0.81
9222.0,1.0
2661.0,0.9
10518.0,1.0
3957.0,0.9
15621.0,0.0
2499.0,0.0
6873.0,1.0
312.0,0.9
5523.0,-1.0
16458.0,-0.9
14271.0,-0.81
1149.0,-0.9
10626.0,1.0
4065.0,0.9
15729.0,0.0
2607.0,0.0
6981.0,1.0
420.0,0.9
17025.0,0.0
3903.0,0.0
8277.0,1.0
1716.0,0.9
18483.0,0.9
5361.0,-0.9
11193.0,1.0
4632.0,0.9
14109.0,-0.7290000000000001
15567.0,0.0
13380.0,0.7290000000000001
258.0,0.6561000000000001
9708.0,1.0
3147.0,0.9
10032.0,1.0
3471.0,0.9
16107.0,0.9
2985.0,0.81
7521.0,0.9
7845.0,0.9
11733.0,0.9
7359.0,0.81
798.0,0.9
10140.0,1.0
3579.0,0.9
16215.0,0.0
3093.0,0.0
7953.0,0.9
11841.0,-1.0
7467.0,-0.9
906.0,0.0
16539.0,0.9
3417.0,0.81
12165.0,0.9
7791.0,0.81
1230.0,0.9
11679.0,-0.9
5118.0,0.9
16053.0,0.0
13866.0,0.9
744.0,0.0
8979.0,0.9
9303.0,0.9
10275.0,0.9
8817.0,0.81
2256.0,0.7290000000000001
9411.0,0.9
10383.0,0.9
8925.0,0.81
2364.0,0.7290000000000001
10707.0,0.0
9249.0,0.0
2688.0,0.7290000000000001
10221.0,0.0
3660.0,0.0
15324.0,0.0
2202.0,0.0
6630.0,0.9
6738.0,0.9
7062.0,0.7290000000000001
8034.0,0.9
10950.0,0.9
6576.0,0.6561000000000001
15.0,0.5904900000000002
1359.0,1.0
10836.0,-0.9
4275.0,0.9
16668.0,1.0
15939.0,0.9
2817.0,0.81
8649.0,0.9
12294.0,1.0
11565.0,0.9
7191.0,0.81
630.0,0.9
12780.0,1.0
6219.0,0.9
17154.0,-0.9
14967.0,-0.81
1845.0,-0.9
16911.0,0.9
3789.0,-0.9
12537.0,0.9
8163.0,-0.9
1602.0,0.7290000000000001
18612.0,1.0
17883.0,0.9
4761.0,0.81
5247.0,1.0
11079.0,0.81
4518.0,0.9
13509.0,-0.7290000000000001
13995.0,1.0
15453.0,0.81
13266.0,0.9
144.0,0.6561000000000001
12132.0,1.0
5571.0,0.9
16506.0,-0.9
14319.0,0.0
1197.0,0.0
10674.0,1.0
4113.0,0.9
15777.0,0.0
2655.0,0.0
7029.0,1.0
468.0,0.9
17073.0,0.0
3951.0,-0.9
8325.0,1.0
1764.0,0.9
18531.0,0.9
5409.0,0.81
11241.0,1.0
4680.0,0.9
14157.0,0.0
15615.0,-0.7290000000000001
13428.0,0.0
306.0,0.0
3627.0,-1.0
16263.0,-0.81
3141.0,-0.9
8001.0,-1.0
11889.0,0.9
7515.0,-0.9
954.0,0.0
16587.0,0.9
3465.0,-0.9
12213.0,0.9
7839.0,-0.9
1278.0,0.9
11727.0,0.81
5166.0,0.9
16101.0,-0.7290000000000001
13914.0,0.9
792.0,0.0
9459.0,-1.0
10431.0,0.9
8973.0,-0.9
2412.0,0.0
10755.0,-0.81
9297.0,-0.9
2736.0,0.7290000000000001
10269.0,-0.9
3708.0,0.5904900000000002
15372.0,0.7290000000000001
2250.0,0.0
6786.0,0.9
7110.0,0.7290000000000001
8082.0,0.9
10998.0,0.9
6624.0,0.6561000000000001
63.0,0.5904900000000002
12348.0,-0.9
5787.0,0.9
16722.0,-0.9
14535.0,0.9
1413.0,0.0
10890.0,0.0
4329.0,0.0
15993.0,0.7290000000000001
2871.0,0.0
8703.0,0.0
11619.0,0.0
7245.0,0.0
684.0,0.7290000000000001
12834.0,1.0
6273.0,0.9
17208.0,-0.9
15021.0,-0.81
1899.0,-0.7290000000000001
16965.0,0.0
3843.0,0.0
12591.0,0.9
8217.0,0.0
1656.0,0.0
18666.0,-0.9
17937.0,-0.81
4815.0,-0.9
18423.0,0.9
5301.0,-0.9
11133.0,-0.9
4572.0,0.0
13563.0,-0.9
14049.0,-0.9
15507.0,-0.9
13320.0,0.7290000000000001
198.0,0.0
17181.0,0.0
4059.0,0.0
8433.0,1.0
1872.0,0.9
18639.0,-0.81
5517.0,-0.9
11349.0,1.0
4788.0,0.9
14265.0,-0.9
15723.0,-0.9
13536.0,0.0
414.0,0.0
16695.0,-0.81
3573.0,-0.9
12321.0,-0.81
7947.0,-0.9
1386.0,0.0
11835.0,-0.9
5274.0,0.0
16209.0,-0.9
14022.0,0.7290000000000001
900.0,0.0
10863.0,0.0
9405.0,-0.9
2844.0,0.0
10377.0,0.0
3816.0,0.0
15480.0,0.0
2358.0,0.0
7218.0,0.0
8190.0,0.9
11106.0,0.9
6732.0,0.0
171.0,0.0
12996.0,0.0
6435.0,0.0
17370.0,0.0
15183.0,0.0
2061.0,0.0
17289.0,0.7290000000000001
4167.0,0.0
12915.0,0.7290000000000001
8541.0,0.0
1980.0,0.0
18828.0,1.0
18099.0,0.9
4977.0,0.0
18747.0,0.9
5625.0,0.81
11457.0,0.0
4896.0,0.7290000000000001
13725.0,0.0
14373.0,0.81
15831.0,0.6561000000000001
13644.0,0.7290000000000001
522.0,0.0
17343.0,0.9
4221.0,0.0
12969.0,0.9
8595.0,0.0
2034.0,0.7290000000000001
5679.0,1.0
11511.0,0.81
4950.0,0.9
14427.0,1.0
15885.0,0.81
13698.0,0.9
576.0,0.6561000000000001
12159.0,-0.7290000000000001
5598.0,0.9
16533.0,-0.7290000000000001
14346.0,0.9
1224.0,0.0
10701.0,-0.7290000000000001
4140.0,0.7290000000000001
15804.0,0.7290000000000001
2682.0,0.0
8514.0,0.7290000000000001
11430.0,0.7290000000000001
7056.0,0.0
495.0,0.5904900000000002
19071.0,-1.0
5949.0,-0.9
19233.0,-1.0
6111.0,-0.9
12429.0,0.6561000000000001
5868.0,0.5904900000000002
14697.0,-0.9
14859.0,-0.9
16803.0,0.0
14616.0,0.0
1494.0,0.0
19287.0,-1.0
6165.0,-0.9
12483.0,0.81
5922.0,0.7290000000000001
14913.0,-0.9
16857.0,0.0
14670.0,0.0
1548.0,0.0
12645.0,1.0
6084.0,0.9
17019.0,-0.7290000000000001
14832.0,-0.6561000000000001
1710.0,-0.5904900000000002
16776.0,0.7290000000000001
3654.0,0.0
12402.0,0.9
8028.0,0.6561000000000001
1467.0,0.5904900000000002
17613.0,-0.9
17775.0,-0.9
18261.0,0.81
17532.0,0.7290000000000001
4410.0,0.0
17829.0,-0.9
18315.0,1.0
17586.0,0.9
4464.0,0.6561000000000001
18477.0,-0.7290000000000001
17748.0,-0.6561000000000001
4626.0,-0.5904900000000002
18234.0,0.9
5112.0,0.0
10944.0,0.6561000000000001
4383.0,0.5904900000000002
13158.0,0.0
13212.0,0.0
13374.0,-0.5904900000000002
13860.0,0.6561000000000001
15318.0,0.0
13131.0,0.5904900000000002
9.0,0.0
359.0,1.0
863.0,-1.0
3536.0,-1.0
16640.0,0.9
3518.0,-0.9
7910.0,-1.0
12266.0,0.9
7892.0,-0.9
1331.0,0.9
5462.0,1.0
11798.0,-1.0
11780.0,-0.9
5219.0,0.9
14210.0,1.0
16172.0,-1.0
16154.0,-0.9
13967.0,0.9
845.0,-0.9
2321.0,-1.0
9368.0,-1.0
10808.0,0.0
9350.0,-0.9
2789.0,0.0
4004.0,1.0
10340.0,-1.0
10322.0,-0.9
3761.0,0.9
15668.0,1.0
15425.0,0.9
2303.0,-0.9
6695.0,-1.0
7163.0,0.0
8378.0,1.0
8135.0,0.9
11294.0,1.0
11051.0,0.9
6677.0,-0.9
116.0,0.9
371.0,1.0
16652.0,-1.0
3530.0,-0.9
12278.0,0.0
7904.0,-0.9
1343.0,-0.81
5474.0,1.0
11792.0,-0.9
5231.0,0.9
14222.0,1.0
16166.0,-0.9
13979.0,0.9
857.0,-0.9
10820.0,0.9
9362.0,-0.9
2801.0,0.9
4016.0,1.0
10334.0,-0.9
3773.0,0.9
15680.0,1.0
15437.0,0.9
2315.0,-0.9
7175.0,0.0
8390.0,1.0
8147.0,0.9
11306.0,1.0
11063.0,0.9
6689.0,-0.9
128.0,0.9
12260.0,0.0
5699.0,0.9
16634.0,-0.9
14447.0,0.9
1325.0,-0.7290000000000001
10802.0,0.0
4241.0,0.9
15905.0,0.9
2783.0,0.0
8615.0,0.0
11531.0,0.0
7157.0,0.0
596.0,0.0
1811.0,1.0
17120.0,1.0
16877.0,0.9
3755.0,0.81
12746.0,1.0
12503.0,0.9
8129.0,0.0
1568.0,0.9
4727.0,1.0
18578.0,1.0
18335.0,0.9
5213.0,0.81
11045.0,0.0
4484.0,0.9
13475.0,1.0
13961.0,0.81
15419.0,0.81
13232.0,0.9
110.0,0.0
1025.0,-1.0
3374.0,-1.0
16478.0,-1.0
3356.0,-0.9
7748.0,-1.0
12104.0,-1.0
7730.0,-0.9
1169.0,-0.81
11960.0,-1.0
11942.0,-0.9
5381.0,0.9
16334.0,-1.0
16316.0,-0.9
14129.0,0.9
1007.0,-0.9
2483.0,-1.0
9206.0,-1.0
10646.0,0.9
9188.0,-0.9
2627.0,-0.81
10502.0,-1.0
10484.0,-0.9
3923.0,0.9
15587.0,0.9
2465.0,-0.9
6857.0,-1.0
7001.0,0.9
8297.0,0.9
11213.0,0.9
6839.0,-0.9
278.0,0.9
16490.0,-1.0
3368.0,-0.9
12116.0,0.0
7742.0,-0.9
1181.0,-0.81
11954.0,-0.9
5393.0,0.9
16328.0,-0.9
14141.0,0.9
1019.0,-0.9
10658.0,-1.0
9200.0,-0.9
2639.0,-0.81
10496.0,-0.9
3935.0,0.9
15599.0,0.9
2477.0,-0.9
7013.0,-0.81
8309.0,0.9
11225.0,0.9
6851.0,-0.9
290.0,0.9
12098.0,-0.9
5537.0,-0.81
14285.0,-1.0
1163.0,-0.9
10640.0,-0.9
4079.0,-0.81
15743.0,-1.0
2621.0,-0.9
8453.0,0.9
11369.0,0.9
6995.0,-0.7290000000000001
434.0,-0.6561000000000001
17039.0,0.9
3917.0,-0.7290000000000001
12665.0,0.9
8291.0,0.81
1730.0,0.9
18497.0,0.9
5375.0,-0.7290000000000001
11207.0,0.81
4646.0,0.9
14123.0,-0.9
15581.0,-0.9
13394.0,0.9
272.0,-0.5904900000000002
2969.0,-1.0
9674.0,1.0
3113.0,0.9
9998.0,1.0
3437.0,0.9
16073.0,-0.81
2951.0,-0.9
7343.0,-1.0
7487.0,0.9
7811.0,0.9
11699.0,-0.81
7325.0,-0.9
764.0,-0.6561000000000001
9686.0,1.0
3125.0,0.9
10010.0,1.0
3449.0,0.9
16085.0,-0.81
2963.0,-0.9
7499.0,0.9
7823.0,0.9
11711.0,0.0
7337.0,-0.9
776.0,-0.6561000000000001
10154.0,1.0
3593.0,0.9
16229.0,-1.0
3107.0,-0.9
7967.0,0.9
11855.0,0.0
7481.0,0.0
920.0,0.0
16553.0,-0.81
3431.0,-0.7290000000000001
12179.0,0.0
7805.0,0.0
1244.0,0.0
11693.0,-0.7290000000000001
5132.0,0.7290000000000001
16067.0,-0.9
13880.0,0.7290000000000001
758.0,-0.5904900000000002
8801.0,-1.0
8945.0,0.9
9269.0,0.9
10241.0,0.0
8783.0,-0.9
2222.0,0.5904900000000002
8957.0,0.9
9281.0,0.9
10253.0,-0.81
8795.0,-0.9
2234.0,-0.6561000000000001
9425.0,0.9
10397.0,0.0
8939.0,0.0
2378.0,0.0
10721.0,0.0
9263.0,0.0
2702.0,0.0
10235.0,-0.7290000000000001
3674.0,0.7290000000000001
15338.0,0.7290000000000001
2216.0,-0.5904900000000002
6596.0,0.5904900000000002
6608.0,0.0
6752.0,0.0
7076.0,0.0
8048.0,0.7290000000000001
10964.0,0.7290000000000001
6590.0,0.0
29.0,0.0
375.0,1.0
16656.0,-1.0
3534.0,-0.9
12283.0,1.0
12282.0,0.9
7908.0,-0.9
1347.0,0.9
5478.0,1.0
11796.0,-0.9
5235.0,0.9
14226.0,1.0
16170.0,-0.9
13983.0,0.9
861.0,-0.9
10824.0,0.9
9366.0,-0.9
2805.0,-0.81
4020.0,1.0
10338.0,-0.9
3777.0,0.9
15684.0,1.0
15441.0,0.9
2319.0,-0.9
7179.0,0.9
8394.0,1.0
8151.0,0.9
11310.0,1.0
11067.0,0.9
6693.0,-0.9
132.0,0.9
12264.0,0.81
5703.0,0.9
16638.0,-0.9
14451.0,0.9
1329.0,0.81
10806.0,0.0
4245.0,0.0
15909.0,0.0
2787.0,-0.7290000000000001
8619.0,0.9
11535.0,0.9
7161.0,0.0
600.0,0.7290000000000001
1815.0,1.0
17124.0,1.0
16881.0,0.9
3759.0,0.0
12750.0,1.0
12507.0,0.9
8133.0,0.81
1572.0,0.9
4731.0,1.0
18582.0,1.0
18339.0,0.9
5217.0,0.81
11049.0,0.81
4488.0,0.9
13479.0,1.0
13965.0,0.81
15423.0,0.0
13236.0,0.9
114.0,0.6561000000000001
16494.0,0.9
3372.0,-0.9
12120.0,-1.0
7746.0,-0.9
1185.0,0.9
11958.0,-0.9
5397.0,0.9
16332.0,-0.9
14145.0,0.9
1023.0,-0.9
10662.0,-1.0
9204.0,-0.9
2643.0,-0.81
10500.0,-0.9
3939.0,0.9
15603.0,0.9
2481.0,-0.9
7017.0,-0.81
8313.0,0.9
11229.0,0.9
6855.0,-0.9
294.0,0.9
5541.0,-1.0
16476.0,-0.9
14289.0,0.9
1167.0,-0.9
10644.0,-0.9
4083.0,0.0
15747.0,0.0
2625.0,-0.7290000000000001
8457.0,0.9
11373.0,-1.0
6999.0,-0.9
438.0,-0.6561000000000001
17043.0,0.9
3921.0,0.0
12669.0,0.9
8295.0,0.81
1734.0,0.9
18501.0,0.9
5379.0,-0.9
11211.0,-0.9
4650.0,0.9
14127.0,0.81
15585.0,0.0
13398.0,0.9
276.0,-0.5904900000000002
9690.0,1.0
3129.0,0.9
10014.0,1.0
3453.0,0.9
16089.0,0.9
2967.0,-0.9
7503.0,0.9
7827.0,0.9
11715.0,0.9
7341.0,-0.9
780.0,0.9
10158.0,1.0
3597.0,0.9
16233.0,0.9
3111.0,0.81
7971.0,0.9
11859.0,-1.0
7485.0,-0.9
924.0,0.9
16557.0,0.9
3435.0,0.81
12183.0,0.9
7809.0,0.81
1248.0,0.9
11697.0,-0.9
5136.0,0.9
16071.0,-0.7290000000000001
13884.0,0.9
762.0,-0.5904900000000002
8961.0,0.9
9285.0,0.9
10257.0,-0.81
8799.0,-0.9
2238.0,0.5904900000000002
9429.0,0.9
10401.0,0.0
8943.0,0.0
2382.0,0.7290000000000001
10725.0,0.0
9267.0,0.0
2706.0,0.7290000000000001
10239.0,-0.7290000000000001
3678.0,0.0
15342.0,0.0
2220.0,0.0
6612.0,0.7290000000000001
6756.0,0.0
7080.0,0.7290000000000001
8052.0,0.7290000000000001
10968.0,0.7290000000000001
6594.0,0.0
33.0,0.5904900000000002
12276.0,0.0
5715.0,0.9
14463.0,-1.0
1341.0,-0.9
10818.0,0.81
4257.0,0.9
15921.0,-1.0
2799.0,-0.9
8631.0,0.9
11547.0,0.9
7173.0,0.0
612.0,0.0
1827.0,1.0
17136.0,1.0
16893.0,0.9
3771.0,0.81
12762.0,1.0
12519.0,0.9
8145.0,0.81
1584.0,0.9
4743.0,1.0
18594.0,1.0
18351.0,0.9
5229.0,0.81
11061.0,0.81
4500.0,0.9
13491.0,1.0
13977.0,-0.9
15435.0,-0.9
13248.0,0.9
126.0,0.0
12114.0,-0.9
5553.0,0.9
16488.0,-0.9
14301.0,0.9
1179.0,-0.7290000000000001
4095.0,-1.0
15759.0,-0.81
2637.0,-0.9
8469.0,-1.0
11385.0,-0.81
7011.0,-0.9
450.0,-0.6561000000000001
17055.0,0.9
3933.0,-0.9
12681.0,0.9
8307.0,-0.9
1746.0,0.9
18513.0,0.9
5391.0,0.81
11223.0,-0.7290000000000001
4662.0,0.9
14139.0,0.81
15597.0,-0.7290000000000001
13410.0,0.9
288.0,-0.5904900000000002
10170.0,1.0
3609.0,0.9
16245.0,0.9
3123.0,0.81
7983.0,0.9
11871.0,0.9
7497.0,0.81
936.0,0.9
16569.0,-1.0
3447.0,-0.9
12195.0,0.9
7821.0,0.81
1260.0,0.9
11709.0,0.0
5148.0,0.9
16083.0,-0.9
13896.0,0.9
774.0,-0.5904900000000002
9441.0,0.9
10413.0,-1.0
8955.0,-0.9
2394.0,0.7290000000000001
10737.0,0.7290000000000001
9279.0,0.6561000000000001
2718.0,0.5904900000000002
10251.0,-0.9
3690.0,0.7290000000000001
15354.0,-0.6561000000000001
2232.0,-0.5904900000000002
6768.0,0.7290000000000001
7092.0,0.7290000000000001
8064.0,0.7290000000000001
10980.0,0.7290000000000001
6606.0,0.0
45.0,0.5904900000000002
17199.0,-0.81
4077.0,-0.9
12825.0,0.9
8451.0,-0.9
1890.0,-0.6561000000000001
18657.0,0.9
5535.0,-0.9
11367.0,-0.9
4806.0,-0.6561000000000001
14283.0,-0.9
15741.0,-0.9
13554.0,-0.6561000000000001
432.0,-0.5904900000000002
16713.0,0.9
3591.0,0.81
12339.0,0.9
7965.0,0.81
1404.0,0.9
11853.0,-0.9
5292.0,0.9
16227.0,-0.9
14040.0,0.9
918.0,0.0
10881.0,0.0
9423.0,0.0
2862.0,0.7290000000000001
10395.0,-0.9
3834.0,0.0
15498.0,0.0
2376.0,0.0
7236.0,0.7290000000000001
8208.0,0.0
11124.0,0.0
6750.0,0.0
189.0,0.0
17361.0,0.9
4239.0,0.0
12987.0,0.9
8613.0,0.0
2052.0,0.0
18819.0,0.9
5697.0,0.81
11529.0,0.0
4968.0,0.7290000000000001
14445.0,-0.9
15903.0,-0.9
13716.0,0.0
594.0,0.0
12177.0,0.0
5616.0,0.9
16551.0,-0.9
14364.0,0.9
1242.0,0.0
10719.0,0.0
4158.0,0.0
15822.0,0.5904900000000002
2700.0,0.0
8532.0,0.0
11448.0,0.7290000000000001
7074.0,0.0
513.0,0.0
6183.0,1.0
12501.0,0.81
5940.0,0.9
14931.0,1.0
16875.0,0.81
14688.0,0.9
1566.0,0.0
12663.0,0.81
6102.0,0.9
17037.0,-0.7290000000000001
14850.0,0.9
1728.0,-0.5904900000000002
16794.0,0.7290000000000001
3672.0,0.0
12420.0,0.7290000000000001
8046.0,0.0
1485.0,0.0
17847.0,1.0
18333.0,0.81
17604.0,0.9
4482.0,0.6561000000000001
18495.0,0.81
17766.0,0.9
4644.0,-0.5904900000000002
18252.0,0.9
5130.0,0.6561000000000001
10962.0,0.0
4401.0,0.5904900000000002
13230.0,0.0
13392.0,-0.5904900000000002
13878.0,0.6561000000000001
15336.0,-0.5904900000000002
13149.0,0.5904900000000002
27.0,0.0
1079.0,-1.0
3320.0,-1.0
16424.0,0.9
3302.0,-0.9
7694.0,-1.0
12059.0,1.0
12050.0,0.9
7676.0,-0.9
1115.0,0.9
12014.0,-1.0
11996.0,-0.9
5435.0,0.9
16388.0,-1.0
16370.0,-0.9
14183.0,0.9
1061.0,-0.9
2537.0,-1.0
9152.0,-1.0
10592.0,-1.0
9134.0,-0.9
2573.0,-0.81
10556.0,-1.0
10538.0,-0.9
3977.0,0.9
15641.0,0.9
2519.0,-0.9
6911.0,-1.0
6947.0,0.9
8351.0,0.9
11267.0,0.9
6893.0,-0.9
332.0,0.9
16436.0,0.9
3314.0,-0.9
12062.0,0.0
7688.0,-0.9
1127.0,0.0
12008.0,-0.9
5447.0,0.9
16382.0,-0.9
14195.0,0.9
1073.0,-0.9
10604.0,-1.0
9146.0,-0.9
2585.0,0.9
10550.0,-0.9
3989.0,0.9
15653.0,0.9
2531.0,-0.9
6959.0,-0.81
8363.0,0.9
11279.0,0.9
6905.0,-0.9
344.0,0.9
12044.0,0.0
5483.0,0.9
16418.0,0.81
14231.0,0.9
1109.0,0.0
4025.0,-1.0
15689.0,0.9
2567.0,-0.9
8399.0,-1.0
11315.0,0.9
6941.0,-0.9
380.0,0.0
17093.0,0.9
3971.0,-0.9
12719.0,0.9
8345.0,-0.9
1784.0,0.9
18551.0,0.9
5429.0,0.81
11261.0,0.81
4700.0,0.9
14177.0,0.81
15635.0,0.81
13448.0,0.9
326.0,0.0
3023.0,-1.0
9620.0,1.0
3059.0,0.9
10052.0,1.0
3491.0,0.9
16127.0,0.9
3005.0,-0.9
7397.0,-1.0
7433.0,0.9
7865.0,0.9
11753.0,0.9
7379.0,-0.9
818.0,0.9
9632.0,1.0
3071.0,0.9
10064.0,1.0
3503.0,0.9
16139.0,0.9
3017.0,-0.9
7445.0,0.9
7877.0,0.9
11765.0,0.0
7391.0,-0.9
830.0,0.0
10100.0,1.0
3539.0,0.9
16175.0,0.9
3053.0,0.81
7913.0,0.9
11801.0,0.9
7427.0,0.81
866.0,0.9
16607.0,0.9
3485.0,0.81
12233.0,0.9
7859.0,0.81
1298.0,0.9
11747.0,0.0
5186.0,0.9
16121.0,0.81
13934.0,0.9
812.0,0.0
8855.0,-1.0
8891.0,0.9
9323.0,0.9
10295.0,-0.81
8837.0,-0.9
2276.0,0.0
8903.0,0.9
9335.0,0.9
10307.0,0.9
8849.0,-0.9
2288.0,0.9
9371.0,0.9
10343.0,-1.0
8885.0,-0.9
2324.0,0.9
10775.0,0.9
9317.0,0.81
2756.0,0.9
10289.0,-0.9
3728.0,0.9
15392.0,0.9
2270.0,0.0
6650.0,0.7290000000000001
6662.0,0.0
6698.0,0.7290000000000001
7130.0,0.7290000000000001
8102.0,0.0
11018.0,0.7290000000000001
6644.0,0.0
83.0,0.0
16440.0,0.0
3318.0,-0.9
12066.0,0.9
7692.0,-0.9
1131.0,0.0
12012.0,-0.9
5451.0,0.9
16386.0,-0.9
14199.0,0.9
1077.0,-0.9
10608.0,0.9
9150.0,-0.9
2589.0,0.0
10554.0,-0.9
3993.0,0.9
15657.0,0.9
2535.0,-0.9
6963.0,0.9
8367.0,0.9
11283.0,0.9
6909.0,-0.9
348.0,0.9
12048.0,0.81
5487.0,0.9
16422.0,0.0
14235.0,0.9
1113.0,0.0
10590.0,-0.9
4029.0,0.0
15693.0,0.0
2571.0,-0.7290000000000001
8403.0,0.9
11319.0,0.9
6945.0,0.81
384.0,0.7290000000000001
17097.0,0.9
3975.0,0.0
12723.0,0.9
8349.0,0.81
1788.0,0.9
18555.0,0.9
5433.0,0.81
11265.0,0.81
4704.0,0.9
14181.0,0.81
15639.0,0.0
13452.0,0.9
330.0,0.6561000000000001
9636.0,1.0
3075.0,0.9
10068.0,1.0
3507.0,0.9
16143.0,-0.81
3021.0,-0.9
7449.0,0.9
7881.0,0.9
11769.0,0.9
7395.0,-0.9
834.0,0.7290000000000001
10104.0,1.0
3543.0,0.9
16179.0,0.9
3057.0,0.81
7917.0,0.9
11805.0,0.9
7431.0,0.81
870.0,0.9
16611.0,0.9
3489.0,0.81
12237.0,0.9
7863.0,0.81
1302.0,0.9
11751.0,0.81
5190.0,0.9
16125.0,-0.7290000000000001
13938.0,0.9
816.0,0.6561000000000001
8907.0,0.9
9339.0,0.9
10311.0,0.9
8853.0,-0.9
2292.0,0.0
9375.0,0.9
10347.0,0.9
8889.0,0.81
2328.0,0.7290000000000001
10779.0,0.9
9321.0,0.81
2760.0,0.7290000000000001
10293.0,-0.7290000000000001
3732.0,0.0
15396.0,0.0
2274.0,0.0
6666.0,0.9
6702.0,0.9
7134.0,0.9
8106.0,0.9
11022.0,0.9
6648.0,0.6561000000000001
87.0,0.5904900000000002
12060.0,0.0
5499.0,0.0
16434.0,0.0
14247.0,0.0
1125.0,0.0
10602.0,-0.9
4041.0,0.9
15705.0,0.9
2583.0,0.0
8415.0,0.9
11331.0,0.9
6957.0,-0.7290000000000001
396.0,0.0
17109.0,0.9
3987.0,0.81
12735.0,0.9
8361.0,0.81
1800.0,0.9
18567.0,0.9
5445.0,0.0
11277.0,0.81
4716.0,0.9
14193.0,0.0
15651.0,0.81
13464.0,0.9
342.0,0.0
10116.0,1.0
3555.0,0.9
16191.0,0.9
3069.0,0.81
7929.0,0.9
11817.0,0.9
7443.0,0.81
882.0,0.7290000000000001
16623.0,-1.0
3501.0,-0.9
12249.0,0.9
7875.0,0.81
1314.0,0.7290000000000001
11763.0,0.0
5202.0,0.7290000000000001
16137.0,-0.9
13950.0,0.0
828.0,0.0
9387.0,0.9
10359.0,0.9
8901.0,0.81
2340.0,0.9
10791.0,0.9
9333.0,0.81
2772.0,0.9
10305.0,0.81
3744.0,0.9
15408.0,0.9
2286.0,0.0
6714.0,0.9
7146.0,0.9
8118.0,0.9
11034.0,0.9
6660.0,0.0
99.0,0.0
17145.0,0.9
4023.0,-0.9
12771.0,0.9
8397.0,-0.9
1836.0,0.0
18603.0,0.9
5481.0,0.0
11313.0,0.81
4752.0,0.7290000000000001
14229.0,0.0
15687.0,0.0
13500.0,0.0
378.0,0.0
16659.0,0.9
3537.0,0.81
12285.0,0.9
7911.0,0.81
1350.0,0.9
11799.0,0.81
5238.0,0.9
16173.0,0.81
13986.0,0.9
864.0,0.6561000000000001
10827.0,0.9
9369.0,0.81
2808.0,0.9
10341.0,-0.9
3780.0,0.9
15444.0,0.9
2322.0,0.6561000000000001
7182.0,0.9
8154.0,0.9
11070.0,0.9
6696.0,0.6561000000000001
135.0,0.5904900000000002
12231.0,0.81
5670.0,0.9
16605.0,-0.9
14418.0,0.9
1296.0,0.6561000000000001
10773.0,0.81
4212.0,0.9
15876.0,0.9
2754.0,0.6561000000000001
8586.0,0.9
11502.0,0.9
7128.0,0.6561000000000001
567.0,0.5904900000000002
12717.0,0.81
6156.0,0.9
17091.0,0.81
14904.0,0.9
1782.0,0.0
16848.0,0.9
3726.0,0.0
12474.0,0.9
8100.0,0.0
1539.0,0.0
18549.0,0.81
17820.0,0.9
4698.0,0.6561000000000001
18306.0,0.9
5184.0,0.6561000000000001
11016.0,0.6561000000000001
4455.0,0.5904900000000002
13446.0,0.0
13932.0,0.0
15390.0,0.0
13203.0,0.0
81.0,0.0
3185.0,-1.0
9782.0,1.0
3221.0,0.9
9890.0,1.0
3329.0,0.9
16289.0,-0.81
3167.0,-0.9
7559.0,-1.0
7595.0,0.9
7703.0,0.9
11915.0,0.9
7541.0,-0.9
980.0,0.7290000000000001
9794.0,1.0
3233.0,0.9
9902.0,1.0
3341.0,0.9
16301.0,-0.81
3179.0,-0.9
7607.0,0.9
7715.0,0.9
11927.0,0.0
7553.0,-0.9
992.0,0.0
9938.0,1.0
3377.0,0.9
16337.0,0.7290000000000001
3215.0,0.6561000000000001
7751.0,0.9
11963.0,0.9
7589.0,0.81
1028.0,0.7290000000000001
16445.0,-1.0
3323.0,-0.9
12071.0,0.9
7697.0,0.81
1136.0,0.7290000000000001
11909.0,0.0
5348.0,0.7290000000000001
16283.0,-0.9
14096.0,0.7290000000000001
974.0,0.0
9017.0,-1.0
9053.0,0.9
9161.0,0.9
10457.0,0.9
8999.0,-0.9
2438.0,0.5904900000000002
9065.0,0.9
9173.0,0.9
10469.0,-0.81
9011.0,-0.9
2450.0,-0.6561000000000001
9209.0,0.9
10505.0,-1.0
9047.0,-0.9
2486.0,0.5904900000000002
10613.0,0.9
9155.0,0.81
2594.0,0.7290000000000001
10451.0,-0.9
3890.0,-0.6561000000000001
15554.0,0.7290000000000001
2432.0,-0.5904900000000002
6812.0,0.9
6824.0,-0.6561000000000001
6860.0,0.9
6968.0,0.9
8264.0,0.9
11180.0,0.9
6806.0,-0.5904900000000002
245.0,0.5904900000000002
9798.0,1.0
3237.0,0.9
9906.0,1.0
3345.0,0.9
16305.0,0.0
3183.0,-0.9
7611.0,0.9
7719.0,0.9
11931.0,-0.81
7557.0,-0.9
996.0,0.5904900000000002
9942.0,1.0
3381.0,0.9
16341.0,0.0
3219.0,0.0
7755.0,0.9
11967.0,0.9
7593.0,0.81
1032.0,0.7290000000000001
16449.0,0.0
3327.0,0.0
12075.0,-1.0
7701.0,-0.9
1140.0,0.0
11913.0,-0.9
5352.0,0.7290000000000001
16287.0,-0.7290000000000001
14100.0,0.7290000000000001
978.0,0.0
9069.0,0.9
9177.0,0.9
10473.0,-0.81
9015.0,-0.9
2454.0,0.5904900000000002
9213.0,0.9
10509.0,0.9
9051.0,0.81
2490.0,0.7290000000000001
10617.0,0.9
9159.0,0.81
2598.0,0.7290000000000001
10455.0,-0.7290000000000001
3894.0,0.0
15558.0,0.0
2436.0,0.0
6828.0,-0.6561000000000001
6864.0,0.9
6972.0,0.9
8268.0,0.9
11184.0,0.9
6810.0,-0.5904900000000002
249.0,0.5904900000000002
9954.0,1.0
3393.0,0.9
16353.0,0.0
3231.0,0.0
7767.0,0.9
11979.0,0.0
7605.0,0.0
1044.0,0.0
16461.0,0.0
3339.0,0.0
12087.0,0.0
7713.0,0.0
1152.0,0.0
11925.0,-0.7290000000000001
5364.0,0.7290000000000001
16299.0,-0.7290000000000001
14112.0,0.7290000000000001
990.0,0.0
9225.0,0.9
10521.0,-0.81
9063.0,-0.7290000000000001
2502.0,0.0
10629.0,-1.0
9171.0,-0.9
2610.0,0.0
10467.0,-0.9
3906.0,0.7290000000000001
15570.0,0.7290000000000001
2448.0,-0.5904900000000002
6876.0,0.0
6984.0,0.0
8280.0,0.7290000000000001
11196.0,0.7290000000000001
6822.0,-0.5904900000000002
261.0,0.0
16497.0,0.0
3375.0,0.0
12123.0,0.9
7749.0,0.81
1188.0,0.7290000000000001
11961.0,0.0
5400.0,0.7290000000000001
16335.0,0.0
14148.0,0.0
1026.0,0.0
10665.0,0.9
9207.0,0.81
2646.0,0.7290000000000001
10503.0,-0.9
3942.0,0.5904900000000002
15606.0,0.0
2484.0,0.0
7020.0,0.9
8316.0,0.9
11232.0,0.9
6858.0,0.0
297.0,0.0
12069.0,-0.9
5508.0,0.0
16443.0,-0.9
14256.0,0.0
1134.0,0.0
10611.0,-0.9
4050.0,0.0
15714.0,0.0
2592.0,0.0
8424.0,0.9
11340.0,0.9
6966.0,0.0
405.0,0.0
17010.0,0.7290000000000001
3888.0,-0.5904900000000002
12636.0,0.9
8262.0,0.6561000000000001
1701.0,0.5904900000000002
18468.0,0.7290000000000001
5346.0,0.0
11178.0,0.6561000000000001
4617.0,0.5904900000000002
14094.0,0.0
15552.0,0.0
13365.0,0.0
243.0,0.0
9485.0,1.0
2924.0,0.9
9497.0,1.0
2936.0,0.9
9533.0,1.0
2972.0,0.9
9641.0,1.0
3080.0,0.9
9965.0,1.0
3404.0,0.9
16040.0,0.7290000000000001
2918.0,0.6561000000000001
7298.0,0.9
7310.0,0.9
7346.0,0.9
7454.0,0.9
7778.0,0.9
11666.0,0.7290000000000001
7292.0,0.6561000000000001
731.0,0.5904900000000002
9501.0,1.0
2940.0,0.9
9537.0,1.0
2976.0,0.9
9645.0,1.0
3084.0,0.9
9969.0,1.0
3408.0,0.9
16044.0,0.0
2922.0,0.0
7314.0,0.9
7350.0,0.9
7458.0,0.9
7782.0,0.9
11670.0,0.7290000000000001
7296.0,0.6561000000000001
735.0,0.5904900000000002
9549.0,1.0
2988.0,0.9
9657.0,1.0
3096.0,0.9
9981.0,1.0
3420.0,0.9
16056.0,-0.6561000000000001
2934.0,-0.5904900000000002
7362.0,0.9
7470.0,0.9
7794.0,0.9
11682.0,0.7290000000000001
7308.0,0.6561000000000001
747.0,0.5904900000000002
9693.0,1.0
3132.0,0.9
10017.0,1.0
3456.0,0.9
16092.0,0.7290000000000001
2970.0,0.6561000000000001
7506.0,0.9
7830.0,0.9
11718.0,0.7290000000000001
7344.0,0.6561000000000001
783.0,0.5904900000000002
10125.0,1.0
3564.0,0.9
16200.0,0.0
3078.0,0.0
7938.0,0.9
11826.0,0.0
7452.0,0.0
891.0,0.0
16524.0,-0.6561000000000001
3402.0,-0.5904900000000002
12150.0,0.7290000000000001
7776.0,0.6561000000000001
1215.0,0.5904900000000002
11664.0,0.0
5103.0,0.5904900000000002
16038.0,-0.5904900000000002
13851.0,0.5904900000000002
729.0,0.0
8756.0,0.9
8768.0,0.9
8804.0,0.9
8912.0,0.9
9236.0,0.9
10208.0,-0.6561000000000001
8750.0,-0.5904900000000002
2189.0,0.5904900000000002
8772.0,0.9
8808.0,0.9
8916.0,0.9
9240.0,0.9
10212.0,0.0
8754.0,0.0
2193.0,0.0
8820.0,0.9
8928.0,0.9
9252.0,0.9
10224.0,0.7290000000000001
8766.0,0.6561000000000001
2205.0,0.5904900000000002
8964.0,0.9
9288.0,0.9
10260.0,-0.6561000000000001
8802.0,-0.5904900000000002
2241.0,0.5904900000000002
9396.0,0.9
10368.0,0.0
8910.0,0.0
2349.0,0.0
10692.0,0.7290000000000001
9234.0,0.6561000000000001
2673.0,0.5904900000000002
10206.0,-0.5904900000000002
3645.0,0.0
15309.0,0.0
2187.0,0.0
6563.0,0.5904900000000002
6567.0,0.5904900000000002
6579.0,0.5904900000000002
6615.0,0.5904900000000002
6723.0,0.0
7047.0,0.5904900000000002
8019.0,0.5904900000000002
10935.0,0.5904900000000002
6561.0,0.0
0.0,0.0
